subject,code,trial,label,x_raw_peak_acc_g,x_i8_0,x_raw_tilt_deg,x_i8_1,x_raw_peak_gyro_dps,x_i8_2,x_raw_jerk_g_per_s,x_i8_3,x_raw_post_peak_var_g2,x_i8_4,a_bits,y_i32,pred_label
SE15,D17,R01,0,1.880907036324995,14,17.29964420922484,16,187.16234361311717,27,31.89315180255661,2,0.0073535848992062,0,10100001,-5,0
SE15,D17,R02,0,2.056999501274171,15,16.91588365158376,15,186.97287053919104,27,34.198050821045726,2,0.004334390246612,0,10100001,-5,0
SE15,D17,R03,0,2.066557620873569,15,4.455425761400738,4,215.827820936406,31,40.18826181699229,2,0.0048730181243644,0,10100001,-5,0
SE15,D17,R04,0,1.6135507871083965,12,27.6947865793285,25,158.8765751297647,23,33.16959899080074,2,0.005745155730057,0,10100001,-5,0
SE15,D17,R05,0,1.495568404826615,11,7.565122698399088,7,148.5712678389839,21,30.822649446398074,2,0.0014020363198804,0,10100001,-5,0
SA20,D01,R01,0,1.6455144774531194,12,5.704538199162478,5,59.75930922303692,9,28.017506621530487,1,0.023113561488623,1,10100001,-5,0
SA20,D01,R01,0,1.6738725654106337,12,9.926009139844842,9,62.099664756773,9,29.09703952606524,2,0.0241665247198378,1,10100001,-5,0
SA20,D01,R01,0,1.6738725654106337,12,9.926009139844842,9,62.099664756773,9,29.09703952606524,2,0.0241665247198378,1,10100001,-5,0
SA20,D01,R01,0,1.5841324780484152,12,7.474855450118419,7,44.72048855646904,6,22.053535383194102,1,0.0243113374442995,1,10100001,-5,0
SA20,D01,R01,0,1.4342109536502337,11,11.611788621001365,10,41.45814953895864,6,18.039130698684342,1,0.0072604469095495,0,10100001,-5,0
SA20,D01,R01,0,1.4342109536502337,11,11.611788621001365,10,41.45814953895864,6,18.039130698684342,1,0.0072604469095495,0,10100001,-5,0
SA20,D01,R01,0,1.772051702498583,13,4.913974082557777,4,67.62378561265722,10,35.683542640032684,2,0.0224959302935888,1,10100001,-5,0
SA20,D01,R01,0,1.772051702498583,13,4.913974082557777,4,67.62378561265722,10,35.683542640032684,2,0.0224959302935888,1,10100001,-5,0
SA20,D01,R01,0,1.8253726944470303,13,11.994900797918488,11,134.68688931514782,19,41.3232792161633,2,0.0238948246982058,1,10100001,-5,0
SA20,D01,R01,0,1.8253726944470303,13,11.994900797918488,11,134.68688931514782,19,41.3232792161633,2,0.0238948246982058,1,10100001,-5,0
SA20,D01,R01,0,1.82830444498576,14,22.538490403964826,20,107.30225231516684,15,30.142349535737225,2,0.0333299533297794,1,10100001,-5,0
SA20,D01,R01,0,1.82830444498576,14,22.538490403964826,20,107.30225231516684,15,30.142349535737225,2,0.0333299533297794,1,10100001,-5,0
SA20,D01,R01,0,1.592701286398461,12,8.855258378403455,8,48.73426953861118,7,30.25741638000867,2,0.0171299195507236,1,10100001,-5,0
SA20,D01,R01,0,1.3463082025922546,10,1.9265500429378304,2,43.895905589530194,6,14.439935575074436,1,0.0081417154792779,0,10100001,-5,0
SA20,D01,R01,0,1.443801997846095,11,4.110876985189647,4,43.41758051744583,6,17.71330096306789,1,0.0068636873155189,0,10100001,-5,0
SA20,D01,R01,0,1.443801997846095,11,4.110876985189647,4,43.41758051744583,6,17.71330096306789,1,0.0068636873155189,0,10100001,-5,0
SA20,D01,R01,0,1.376984984117247,10,13.901001514606936,12,52.44653346394807,8,17.421784582572464,1,0.0093506465656869,0,10100001,-5,0
SA20,D01,R01,0,1.4709974908761954,11,4.077928654709736,4,45.56825250645207,7,18.814121224327973,1,0.0140510765700616,1,10100001,-5,0
SA20,D01,R01,0,1.4709974908761954,11,4.077928654709736,4,45.56825250645207,7,18.814121224327973,1,0.0140510765700616,1,10100001,-5,0
SA20,D01,R01,0,1.4304023998129425,11,11.879729626820238,11,46.63908721075605,7,14.084331998942544,1,0.0083611859000417,0,10100001,-5,0
SA20,D01,R01,0,1.3647075722705213,10,5.519236791423949,5,52.68051788114624,8,15.112175101252934,1,0.0089479892448995,0,10100001,-5,0
SA20,D01,R01,0,1.4431941824446866,11,7.750447509024909,7,51.58160462612882,7,17.329175436114454,1,0.0115960790091723,1,10100001,-5,0
SA20,D01,R01,0,1.4431941824446866,11,7.750447509024909,7,51.58160462612882,7,17.329175436114454,1,0.0115960790091723,1,10100001,-5,0
SA20,D01,R01,0,1.4386512458641818,11,9.136450298706755,8,55.02653614284786,8,21.855338742027275,1,0.0105576237054418,0,10100001,-5,0
SA20,D01,R01,0,1.390235417690674,10,6.204567290631168,6,52.98034383546307,8,15.141642463054916,1,0.0113601597751657,0,10100001,-5,0
SA20,D01,R01,0,1.377084712240863,10,8.904670328676927,8,54.55047607336512,8,14.15030669048818,1,0.0120722293036573,1,10100001,-5,0
SA20,D01,R01,0,1.4342109536502337,11,11.021609604385215,10,41.58125009873604,6,19.718608993962008,1,0.0118217342687904,1,10100001,-5,0
SA20,D01,R01,0,1.4342109536502337,11,11.021609604385215,10,41.58125009873604,6,19.718608993962008,1,0.0118217342687904,1,10100001,-5,0
SA20,D01,R01,0,1.4757355488556376,11,10.35135469047035,9,48.86488484447029,7,18.72625268748922,1,0.0172527429028749,1,10100001,-5,0
SA20,D01,R01,0,1.4757355488556376,11,10.35135469047035,9,48.86488484447029,7,18.72625268748922,1,0.0172527429028749,1,10100001,-5,0
SA20,D01,R01,0,1.4517487602511066,11,2.076088403010507,2,47.56401234802668,7,21.233516985867773,1,0.0111945826162636,0,10100001,-5,0
SA20,D01,R01,0,1.4517487602511066,11,2.076088403010507,2,47.56401234802668,7,21.233516985867773,1,0.0111945826162636,0,10100001,-5,0
SA20,D01,R01,0,1.4152328116365918,10,8.726647723221202,8,51.77342881029504,7,17.670223995859047,1,0.0120776588222249,1,10100001,-5,0
SA20,D01,R01,0,1.412561789992521,10,8.09367524479742,7,42.05627873227412,6,14.521407838315437,1,0.0094532223537947,0,10100001,-5,0
SA20,D01,R01,0,1.3914422194957692,10,9.54509772217174,9,58.805623050736656,8,18.3284460158756,1,0.008532491055191,0,10100001,-5,0
SA20,D01,R01,0,1.4805975784976568,11,14.085152240429476,13,51.41602431946597,7,20.3586638644536,1,0.0199740758897471,1,10100001,-5,0
SA20,D01,R01,0,1.5661529564534278,12,7.50690330741827,7,50.112390861002254,7,22.47134896724865,1,0.0103401801435921,0,10100001,-5,0
SA20,D01,R01,0,1.5755073820018068,12,11.986218643577704,11,71.97804838398476,10,26.29843407942292,1,0.008616572555982,0,10100001,-5,0
SA20,D01,R01,0,1.5755073820018068,12,11.986218643577704,11,71.97804838398476,10,26.29843407942292,1,0.008616572555982,0,10100001,-5,0
SA20,D01,R01,0,1.4295060506441115,11,9.344858967485347,8,48.18674368703923,7,19.532492276055045,1,0.0092255759034343,0,10100001,-5,0
SA20,D01,R01,0,1.3429435261592817,10,8.559614557028247,8,40.07565756595637,6,10.96555795459997,1,0.0066343297128642,0,10100001,-5,0
SA20,D01,R01,0,1.3429435261592817,10,8.559614557028247,8,40.07565756595637,6,10.96555795459997,1,0.0066343297128642,0,10100001,-5,0
SA20,D01,R01,0,1.3306329721021166,10,7.128388658638191,6,40.406057113930544,6,13.001591365734866,1,0.0073028486607284,0,10100001,-5,0
SA20,D01,R01,0,1.4275139300573612,11,3.231049585619567,3,48.80656720152518,7,18.08477907122623,1,0.0124002086132801,1,10100001,-5,0
SA20,D01,R01,0,1.5178985846495971,11,14.683040685410475,13,60.60864773673172,9,23.042303416067544,1,0.0170807376462937,1,10100001,-5,0
SA20,D01,R01,0,1.5178985846495971,11,14.683040685410475,13,60.60864773673172,9,23.042303416067544,1,0.0170807376462937,1,10100001,-5,0
SA20,D01,R01,0,1.5779025988089774,12,6.36591477585212,6,58.10530846838122,8,26.19339655127837,1,0.0117533792338921,1,10100001,-5,0
SA20,D01,R01,0,1.5779025988089774,12,6.36591477585212,6,58.10530846838122,8,26.19339655127837,1,0.0117533792338921,1,10100001,-5,0
SA20,D01,R01,0,1.4581566113161508,11,8.928493461917617,8,49.02722773394984,7,19.07973214779357,1,0.0103702721357131,0,10100001,-5,0
SA20,D02,R01,0,1.7022153892634482,13,23.90357796222869,21,61.81791764712242,9,41.7870457576917,2,0.077282637638434,3,10100001,-5,0
SA20,D02,R01,0,1.7834673014200106,13,18.31951237162409,16,72.09732459192959,10,35.35482501663125,2,0.0444174564305829,2,10100001,-5,0
SA20,D02,R01,0,1.7834673014200106,13,18.31951237162409,16,72.09732459192959,10,35.35482501663125,2,0.0444174564305829,2,10100001,-5,0
SA20,D02,R01,0,1.7069820859624962,13,13.756025799134513,12,69.10411603575186,10,36.83737995245235,2,0.0837132169482247,4,10100001,-5,0
SA20,D02,R01,0,1.7577300327877607,13,14.208841935490682,13,75.21089169508888,11,34.46627645450084,2,0.0570070283363445,3,10100001,-5,0
SA20,D02,R01,0,1.80222539029442,13,24.45906575565677,22,96.19072850951952,14,37.33142125341025,2,0.0766910478643601,3,10100001,-5,0
SA20,D02,R01,0,1.80222539029442,13,24.45906575565677,22,96.19072850951952,14,37.33142125341025,2,0.0766910478643601,3,10100001,-5,0
SA20,D02,R01,0,1.8014589966473185,13,13.762125248490726,12,69.44677064231465,10,40.89893136819684,2,0.0560366180380763,2,10100001,-5,0
SA20,D02,R01,0,1.7340318494993467,13,16.68506598233727,15,78.35908629192134,11,37.37163974915261,2,0.046830824114396,2,10100001,-5,0
SA20,D02,R01,0,1.7224525106275608,13,9.303409019709196,8,49.84450151361249,7,41.0563820383902,2,0.0553982790509479,2,10100001,-5,0
SA20,D02,R01,0,1.7431637889530598,13,21.903977825686564,20,81.83319160024433,12,41.959081045134994,2,0.0375255534898276,2,10100001,-5,0
SA20,D02,R01,0,1.8582709103807196,14,25.42063514765696,23,149.76113344003156,21,47.371112659171466,2,0.0439312407825723,2,10100001,-5,0
SA20,D02,R01,0,1.8582709103807196,14,25.42063514765696,23,149.76113344003156,21,47.371112659171466,2,0.0439312407825723,2,10100001,-5,0
SA20,D02,R01,0,1.8007304087183102,13,13.563673511388096,12,99.0040844847775,14,37.45198633015154,2,0.0458737775809711,2,10100001,-5,0
SA20,D02,R01,0,1.8007304087183102,13,13.563673511388096,12,99.0040844847775,14,37.45198633015154,2,0.0458737775809711,2,10100001,-5,0
SA20,D02,R01,0,1.632013298728464,12,25.668061110667,23,84.15973453411644,12,34.62548838887454,2,0.056000878642726,2,10100001,-5,0
SA20,D02,R01,0,1.761961249939698,13,13.552623119666148,12,61.89834563712993,9,42.61811032781382,2,0.0563029604448037,2,10100001,-5,0
SA20,D02,R01,0,1.761961249939698,13,13.552623119666148,12,61.89834563712993,9,42.61811032781382,2,0.0563029604448037,2,10100001,-5,0
SA20,D02,R01,0,1.793832342404454,13,14.612391970016462,13,59.36628327883998,9,39.87489410377518,2,0.057835953538308,3,10100001,-5,0
SA20,D02,R01,0,1.793832342404454,13,14.612391970016462,13,59.36628327883998,9,39.87489410377518,2,0.057835953538308,3,10100001,-5,0
SA20,D02,R01,0,1.6951549826016097,13,6.982524832145605,6,69.28468878767328,10,30.882928676084465,2,0.0410402976483726,2,10100001,-5,0
SA20,D02,R01,0,1.9392869153981247,14,21.16694129156916,19,71.49231038058515,10,44.64528104359826,2,0.0572607100673317,3,10100001,-5,0
SA20,D02,R01,0,1.9392869153981247,14,21.16694129156916,19,71.49231038058515,10,44.64528104359826,2,0.0572607100673317,3,10100001,-5,0
SA20,D02,R01,0,1.8425951428220912,14,27.549591087771173,25,106.32520426397124,15,42.68793320118864,2,0.0444999815165607,2,10100001,-5,0
SA20,D02,R01,0,1.8425951428220912,14,27.549591087771173,25,106.32520426397124,15,42.68793320118864,2,0.0444999815165607,2,10100001,-5,0
SA20,D02,R01,0,1.8240598164169912,13,15.285019576761274,14,76.72007460528646,11,36.11200981394753,2,0.0386888389671475,2,10100001,-5,0
SA20,D02,R01,0,1.8385951508981664,14,22.63656900312124,20,112.25749143631144,16,33.52095707705374,2,0.0415541226232302,2,10100001,-5,0
SA20,D02,R01,0,2.018934268631519,15,16.95747028689591,15,91.23661651836868,13,44.57846804330492,2,0.0755758274671573,3,10100001,-5,0
SA20,D02,R01,0,2.018934268631519,15,16.95747028689591,15,91.23661651836868,13,44.57846804330492,2,0.0755758274671573,3,10100001,-5,0
SA20,D02,R01,0,1.974855673622917,15,20.001866157851943,18,112.37212105374046,16,40.36139745360732,2,0.0740057858112683,3,10100001,-5,0
SA20,D02,R01,0,1.9894359061325333,15,17.216164504946676,15,75.7506534907036,11,45.98196887942932,2,0.0656563557746797,3,10100001,-5,0
SA20,D02,R01,0,1.9894359061325333,15,17.216164504946676,15,75.7506534907036,11,45.98196887942932,2,0.0656563557746797,3,10100001,-5,0
SA20,D02,R01,0,1.6884536873992688,12,21.097128161414727,19,56.19780317429993,8,35.93559733864129,2,0.0395000794926088,2,10100001,-5,0
SA20,D02,R01,0,1.594640146636734,12,16.4022676526366,15,56.94423072343226,8,23.00932219290246,1,0.0535331183283877,2,10100001,-5,0
SA20,D02,R01,0,1.8508412690774732,14,13.835143295385604,12,93.57732526813562,13,45.201969432824285,2,0.052242728669916,2,10100001,-5,0
SA20,D02,R01,0,1.8508412690774732,14,13.835143295385604,12,93.57732526813562,13,45.201969432824285,2,0.052242728669916,2,10100001,-5,0
SA20,D02,R01,0,1.7850707720235668,13,16.933334877484018,15,66.52636043916507,10,47.56812892479263,2,0.0533405639321346,2,10100001,-5,0
SA20,D02,R01,0,1.793262332990317,13,23.235554952587183,21,73.1480565768575,10,44.29686879481763,2,0.0558022536426376,2,10100001,-5,0
SA20,D02,R01,0,1.793262332990317,13,23.235554952587183,21,73.1480565768575,10,44.29686879481763,2,0.0558022536426376,2,10100001,-5,0
SA20,D02,R01,0,1.7167690999601912,13,23.93578774654861,21,61.65514577929573,9,39.54947150140398,2,0.0446567038818677,2,10100001,-5,0
SA20,D02,R01,0,1.7763003462032751,13,12.530996949174623,11,63.10388764384476,9,51.32442035318982,3,0.0490624540729434,2,10100001,-5,0
SA20,D02,R01,0,1.7763003462032751,13,12.530996949174623,11,63.10388764384476,9,51.32442035318982,3,0.0490624540729434,2,10100001,-5,0
SA20,D02,R01,0,1.7004126552817076,13,24.79749708818764,22,69.35602890987312,10,27.86224651900193,1,0.0397004583002656,2,10100001,-5,0
SA20,D02,R01,0,1.7981398401586082,13,17.702884307695395,16,82.42221036725267,12,44.57954839387725,2,0.048625453119108,2,10100001,-5,0
SA20,D02,R01,0,1.7981398401586082,13,17.702884307695395,16,82.42221036725267,12,44.57954839387725,2,0.048625453119108,2,10100001,-5,0
SA20,D02,R01,0,1.69774091626196,13,14.115040910780255,13,61.2929431569279,9,40.44803760857629,2,0.0500112725374196,2,10100001,-5,0
SA20,D02,R01,0,1.748551995804314,13,7.103668736188129,6,77.00694666063518,11,36.250145000198806,2,0.0494334070185573,2,10100001,-5,0
SA20,D02,R01,0,1.748551995804314,13,7.103668736188129,6,77.00694666063518,11,36.250145000198806,2,0.0494334070185573,2,10100001,-5,0
SA20,D02,R01,0,1.6145670572096291,12,15.299891153600678,14,62.64116319637836,9,26.91357889323736,1,0.0469979419820868,2,10100001,-5,0
SA20,D03,R01,0,3.0763250209894317,23,13.468652500607275,12,108.15948060574937,15,80.36278149480455,4,0.5106027864385083,22,10100001,-5,0
SA20,D03,R01,0,2.9721685703778964,22,18.51103880839144,17,106.31397439045298,15,93.75142967110249,5,0.525522581176272,23,10100001,-5,0
SA20,D03,R01,0,3.0213019347392898,22,18.953113633967583,17,122.61300569897278,18,89.19450020179296,5,0.3447422241073982,15,10100001,-5,0
SA20,D03,R01,0,3.0213019347392898,22,18.953113633967583,17,122.61300569897278,18,89.19450020179296,5,0.3447422241073982,15,10100001,-5,0
SA20,D03,R01,0,3.251694457617924,24,12.024145570795651,11,142.67028808463195,20,101.03672149391204,5,0.3923648693097004,17,10100001,-5,0
SA20,D03,R01,0,3.39088150671446,25,12.504038200185343,11,164.17768385955836,24,90.84632202022824,5,0.6170283963294636,27,10100001,-5,0
SA20,D03,R01,0,3.3949627530691058,25,14.435811169803497,13,169.55505986171258,24,91.23240605900504,5,0.4264588458437751,19,10100001,-5,0
SA20,D03,R01,0,3.3949627530691058,25,14.435811169803497,13,169.55505986171258,24,91.23240605900504,5,0.4264588458437751,19,10100001,-5,0
SA20,D03,R01,0,3.2788053579307377,24,11.759110410931116,11,131.55156300767783,19,108.68853908961655,6,0.5467083796374631,24,10100001,-5,0
SA20,D03,R01,0,3.2788053579307377,24,11.759110410931116,11,131.55156300767783,19,108.68853908961655,6,0.5467083796374631,24,10100001,-5,0
SA20,D03,R01,0,3.4359682311608872,25,13.618529903804202,12,205.69454376599805,29,113.97482166905534,6,0.6798589680743816,30,10100001,-5,0
SA20,D03,R01,0,3.4359682311608872,25,13.618529903804202,12,205.69454376599805,29,113.97482166905534,6,0.6798589680743816,30,10100001,-5,0
SA20,D03,R01,0,3.4260418052282837,25,14.054713116901254,13,177.5773685873883,25,115.42956574252996,6,0.6060941225389207,27,10100001,-5,0
SA20,D03,R01,0,3.667569367234458,27,14.578392501364062,13,194.1123135837198,28,175.8821547420018,9,0.6620970425483625,29,10100001,-5,0
SA20,D03,R01,0,3.667569367234458,27,14.578392501364062,13,194.1123135837198,28,175.8821547420018,9,0.6620970425483625,29,10100001,-5,0
SA20,D03,R01,0,3.291958437836862,24,17.017845172540046,15,201.70291696665245,29,140.63970282936532,7,0.5536472861548626,24,10100001,-5,0
SA20,D03,R01,0,3.307855769231643,24,12.579048407000537,11,156.5168724273116,22,80.80213700599845,4,0.3994100981092208,18,10100001,-5,0
SA20,D03,R01,0,3.307855769231643,24,12.579048407000537,11,156.5168724273116,22,80.80213700599845,4,0.3994100981092208,18,10100001,-5,0
SA20,D03,R01,0,3.5512109544723,26,20.08716720062621,18,184.84122965457635,26,118.3069640200128,6,0.5670437880131651,25,10100001,-5,0
SA20,D03,R01,0,3.5512109544723,26,20.08716720062621,18,184.84122965457635,26,118.3069640200128,6,0.5670437880131651,25,10100001,-5,0
SA20,D03,R01,0,3.4327270663868235,25,17.79576540050577,16,196.7045860099911,28,137.65708282128756,7,0.5661693290933364,25,10100001,-5,0
SA20,D03,R01,0,3.4327270663868235,25,17.79576540050577,16,196.7045860099911,28,137.65708282128756,7,0.5661693290933364,25,10100001,-5,0
SA20,D03,R01,0,3.288487182462287,24,22.879471474453883,21,170.29229709244717,24,103.5250428556505,5,0.4860987498294314,21,10100001,-5,0
SA20,D03,R01,0,3.288487182462287,24,22.879471474453883,21,170.29229709244717,24,103.5250428556505,5,0.4860987498294314,21,10100001,-5,0
SA20,D03,R01,0,3.24383664759634,24,14.780728637454896,13,172.8865808909454,25,96.53752195972976,5,0.4977652740748458,22,10100001,-5,0
SA20,D03,R01,0,3.714359031205157,27,7.690170125290905,7,215.17057702172545,31,141.56708894206523,7,0.4470308515890246,20,10100001,-5,0
SA20,D03,R01,0,3.714359031205157,27,7.690170125290905,7,215.17057702172545,31,141.56708894206523,7,0.4470308515890246,20,10100001,-5,0
SA20,D03,R01,0,3.101397685324967,23,13.607256747009076,12,184.80620876049773,26,94.44531643312422,5,0.6517133565926886,29,10100001,-5,0
SA20,D03,R01,0,3.5881962861430288,27,21.514172761405472,19,168.82757814346144,24,127.92750863949529,7,0.5372676821023652,24,10100001,-5,0
SA20,D03,R01,0,3.5881962861430288,27,21.514172761405472,19,168.82757814346144,24,127.92750863949529,7,0.5372676821023652,24,10100001,-5,0
SA20,D03,R01,0,3.444588306116249,25,22.34424567661972,20,260.79983020507075,37,111.83312069895176,6,0.5441791119092703,24,10100001,-5,0
SA20,D03,R01,0,3.444588306116249,25,22.34424567661972,20,260.79983020507075,37,111.83312069895176,6,0.5441791119092703,24,10100001,-5,0
SA20,D03,R01,0,3.3694661301092084,25,15.64424051443396,14,173.12589524653907,25,107.75965918756228,6,0.5555562105324126,24,10100001,-5,0
SA20,D03,R01,0,3.349715855632618,25,15.884468559870763,14,215.48067528778896,31,158.78951028051756,8,0.5763613581055291,25,10100001,-5,0
SA20,D03,R01,0,3.3607055867801967,25,20.246104250936963,18,180.52579382809185,26,118.97862861424056,6,0.5450762519998448,24,10100001,-5,0
SA20,D03,R01,0,3.4592727549535702,26,21.170402579018983,19,209.14549276496015,30,126.9907625172749,7,0.4889907117868911,22,10100001,-5,0
SA20,D03,R01,0,3.4592727549535702,26,21.170402579018983,19,209.14549276496015,30,126.9907625172749,7,0.4889907117868911,22,10100001,-5,0
SA20,D03,R01,0,3.3105186438693037,24,17.82991645736576,16,220.70794395654644,32,124.3552137753658,6,0.6405989524840902,28,10100001,-5,0
SA20,D03,R01,0,3.414364170739508,25,20.07463508730669,18,184.58938500090343,26,115.87699293595296,6,0.6222198405246216,27,10100001,-5,0
SA20,D03,R01,0,3.6419114880937697,27,15.939460649927229,14,190.2677385341722,27,126.80441714036056,7,0.6392403041827859,28,10100001,-5,0
SA20,D03,R01,0,3.6577604385445,27,15.869024726130627,14,168.8444795855755,24,147.90014460456905,8,0.5565089332407138,24,10100001,-5,0
SA20,D03,R01,0,3.6577604385445,27,15.869024726130627,14,168.8444795855755,24,147.90014460456905,8,0.5565089332407138,24,10100001,-5,0
SA20,D03,R01,0,3.3982399367862106,25,17.03368996740601,15,176.6014566739716,25,144.30951512775195,8,0.4771848729265163,21,10100001,-5,0
SA20,D03,R01,0,3.3244574312079958,25,20.055198070288665,18,186.50163652926716,27,117.06681363810966,6,0.4947854187516979,22,10100001,-5,0
SA20,D03,R01,0,3.3244574312079958,25,20.055198070288665,18,186.50163652926716,27,117.06681363810966,6,0.4947854187516979,22,10100001,-5,0
SA20,D03,R01,0,3.710298053459831,27,20.23383207446163,18,232.00847019413575,33,154.163870414851,8,0.5963438657909655,26,10100001,-5,0
SA20,D03,R01,0,3.710298053459831,27,20.23383207446163,18,232.00847019413575,33,154.163870414851,8,0.5963438657909655,26,10100001,-5,0
SA20,D03,R01,0,3.696676958056596,27,19.58193037449421,18,181.38734530072372,26,135.56699584261906,7,0.6394199277863901,28,10100001,-5,0
SA20,D03,R01,0,3.696676958056596,27,19.58193037449421,18,181.38734530072372,26,135.56699584261906,7,0.6394199277863901,28,10100001,-5,0
SA20,D04,R01,0,5.189959942437087,38,38.774916730205135,35,355.60893344286046,51,332.7682507606946,17,1.393085158816878,61,10100001,-5,0
SA20,D04,R01,0,4.988539722649618,37,29.37942149658445,26,340.52423881075725,49,300.56250699493336,16,1.0116258212778046,45,10100001,-5,0
SA20,D04,R01,0,4.844568983182353,36,60.24110705721486,54,316.498036670019,45,369.5213480319141,19,1.2309516186785812,54,10100001,-5,0
SA20,D04,R01,0,5.037416458383733,37,60.17744097931487,54,282.40800588698687,40,430.57314496166896,22,1.0245184825834337,45,10100001,-5,0
SA20,D04,R01,0,5.037416458383733,37,60.17744097931487,54,282.40800588698687,40,430.57314496166896,22,1.0245184825834337,45,10100001,-5,0
SA20,D04,R01,0,4.75420956047605,35,39.86586194726877,36,299.2273170101334,43,312.9195507542448,16,1.2148918969485616,53,10100001,-5,0
SA20,D04,R01,0,4.704281484161696,35,33.75486024960525,30,357.22487914876035,51,224.16371941563528,12,0.8121028320613611,36,10100001,-5,0
SA20,D04,R01,0,5.202973967871794,38,64.04764114199477,57,242.34243789799717,35,389.8852949787874,20,1.3684463167186538,60,10100001,-5,0
SA20,D04,R01,0,5.469450289984303,40,66.03645518217984,59,246.34685821391844,35,440.9861006058868,23,1.2560479492237082,55,10100001,-5,0
SA20,D04,R01,0,5.469450289984303,40,66.03645518217984,59,246.34685821391844,35,440.9861006058868,23,1.2560479492237082,55,10100001,-5,0
SA20,D04,R01,0,5.047688232660633,37,37.09687480415144,33,272.3911223298977,39,223.00206757749052,12,1.11993966801611,49,10100001,-5,0
SA20,D04,R01,0,5.246019580171892,39,62.01276028150948,56,274.98550241359413,39,285.42824773617,15,1.0842239549886,48,10100001,-5,0
SA20,D04,R01,0,5.246019580171892,39,62.01276028150948,56,274.98550241359413,39,285.42824773617,15,1.0842239549886,48,10100001,-5,0
SA20,D04,R01,0,4.541008484537397,34,33.82878429374311,30,355.3515649824676,51,294.2016521620544,15,0.8364648388637823,37,10100001,-5,0
SA20,D04,R01,0,4.697005336473376,35,37.11909223005921,33,226.1990476502853,32,245.49949831489027,13,1.0908722575167926,48,10100001,-5,0
SA20,D04,R01,0,5.271262572329832,39,64.89717268615728,58,335.893694660814,48,328.01245343928383,17,1.1252376645921944,50,10100001,-5,0
SA20,D04,R01,0,5.271262572329832,39,64.89717268615728,58,335.893694660814,48,328.01245343928383,17,1.1252376645921944,50,10100001,-5,0
SA20,D04,R01,0,4.866533801908417,36,46.46178985135395,42,243.71585515094844,35,206.0066666966441,11,1.080878312546927,48,10100001,-5,0
SA20,D04,R01,0,4.684245289335739,35,35.56653697359872,32,314.45366403284726,45,208.05714746624355,11,0.876462682499442,39,10100001,-5,0
SA20,D04,R01,0,5.14481746308998,38,47.35606925546853,42,351.6413600213048,50,279.09988209673423,15,1.1623940192429048,51,10100001,-5,0
SA20,D04,R01,0,5.14481746308998,38,47.35606925546853,42,351.6413600213048,50,279.09988209673423,15,1.1623940192429048,51,10100001,-5,0
SA20,D04,R01,0,4.909798863286529,36,49.0641501995153,44,286.9059367421747,41,276.65929396011705,14,1.1768282532314909,52,10100001,-5,0
SA20,D04,R01,0,4.741708043101728,35,57.51556781002191,52,252.0470924506569,36,347.4831529179544,18,1.0498311064751993,46,10100001,-5,0
SA20,D04,R01,0,4.8228189391196565,36,35.882790586529744,32,369.76862777435326,53,327.51486742060393,17,0.8930067541269441,39,10100001,-5,0
SA20,D04,R01,0,4.8228189391196565,36,35.882790586529744,32,369.76862777435326,53,327.51486742060393,17,0.8930067541269441,39,10100001,-5,0
SA20,D04,R01,0,4.881670178878491,36,35.75216511387603,32,293.9761199522059,42,278.3462758314586,15,1.3590104945173231,60,10100001,-5,0
SA20,D04,R01,0,5.02803723606594,37,59.76855645426768,54,265.19084960940216,38,443.9039095193149,23,1.3303851011973649,59,10100001,-5,0
SA20,D04,R01,0,5.02803723606594,37,59.76855645426768,54,265.19084960940216,38,443.9039095193149,23,1.3303851011973649,59,10100001,-5,0
SA20,D04,R01,0,4.570906745555251,34,53.12598386140218,48,281.7163442338655,40,259.70862237396074,14,1.0665284741634786,47,10100001,-5,0
SA20,D04,R01,0,4.682956782687154,35,62.84579444345501,56,368.39773720650544,53,351.8770458258618,18,0.6864659210374762,30,10100001,-5,0
SA20,D04,R01,0,4.682956782687154,35,62.84579444345501,56,368.39773720650544,53,351.8770458258618,18,0.6864659210374762,30,10100001,-5,0
SA20,D04,R01,0,5.055215751956402,37,63.79097314912657,57,272.1917384635545,39,425.92098490782166,22,1.2281965117932274,54,10100001,-5,0
SA20,D04,R01,0,5.055215751956402,37,63.79097314912657,57,272.1917384635545,39,425.92098490782166,22,1.2281965117932274,54,10100001,-5,0
SA20,D04,R01,0,4.804814530841045,36,57.18468342383071,51,356.3041355176374,51,267.648096861003,14,1.0867785092829718,48,10100001,-5,0
SA20,D04,R01,0,4.793306197371269,35,63.87965672261159,57,252.86429896602232,36,437.0119113827255,23,1.3354056741224514,59,10100001,-5,0
SA20,D04,R01,0,5.12389380449347,38,38.54023145216223,35,302.0571732977834,43,325.7873216092757,17,0.7870388175947062,35,10100001,-5,0
SA20,D04,R01,0,5.12389380449347,38,38.54023145216223,35,302.0571732977834,43,325.7873216092757,17,0.7870388175947062,35,10100001,-5,0
SA20,D04,R01,0,4.408413835931029,33,57.07242625874659,51,288.97806171534813,41,369.2601834753832,19,1.0595931244190064,47,10100001,-5,0
SA20,D04,R01,0,5.336151967688479,39,66.65091783734069,60,315.8483944535644,45,284.35045320420977,15,1.003999122283906,44,10100001,-5,0
SA20,D04,R01,0,5.336151967688479,39,66.65091783734069,60,315.8483944535644,45,284.35045320420977,15,1.003999122283906,44,10100001,-5,0
SA20,D04,R01,0,4.709717853623737,35,37.1464109999212,33,358.318491446312,51,265.53092993973024,14,1.2136643609814348,53,10100001,-5,0
SA20,D04,R01,0,4.709717853623737,35,37.1464109999212,33,358.318491446312,51,265.53092993973024,14,1.2136643609814348,53,10100001,-5,0
SA20,D04,R01,0,4.510854557386065,33,30.90592049424064,28,315.0382255358614,45,273.7572876499699,14,0.9762432304024224,43,10100001,-5,0
SA20,D04,R01,0,4.786560699508377,35,32.467144265342775,29,289.60705703989083,41,204.7424875317107,11,1.0017557607623642,44,10100001,-5,0
SA20,D04,R01,0,4.800668415577994,35,33.6613645930715,30,282.5094606916842,40,239.07076762189368,12,1.0685829648491352,47,10100001,-5,0
SA20,D04,R01,0,4.800668415577994,35,33.6613645930715,30,282.5094606916842,40,239.07076762189368,12,1.0685829648491352,47,10100001,-5,0
SA20,D04,R01,0,4.485798785842976,33,30.197720783206563,27,303.41303035276565,43,189.13721587610723,10,1.007471873306537,44,10100001,-5,0
SA20,D04,R01,0,4.977255397210645,37,27.85521506275622,25,353.4502949072476,51,216.9474649584033,11,1.123739635784253,49,10100001,-5,0
SA20,D04,R01,0,4.977255397210645,37,27.85521506275622,25,353.4502949072476,51,216.9474649584033,11,1.123739635784253,49,10100001,-5,0
SA20,D05,R02,0,1.8350438316993445,14,14.233913752873947,13,69.9194145835308,10,22.67516366187241,1,0.0435777223827189,2,10100001,-5,0
SA20,D05,R03,0,2.5293986767640297,19,8.74972117936413,8,84.44747108356663,12,51.88496989123044,3,0.0035330912954997,0,10100001,-5,0
SA20,D05,R04,0,1.9991338761780844,15,4.557269021826054,4,97.7501417839505,14,29.43797195328535,2,0.0059074508310989,0,10100001,-5,0
SA20,D05,R05,0,2.0749689674354923,15,9.673860325945087,9,96.8942669198003,14,41.27189332151509,2,0.0097315284633484,0,10100001,-5,0
SA20,D06,R01,0,4.18418456962588,31,11.704972426186616,10,244.47665168683292,35,180.43277227483048,9,0.344022450173216,15,10100001,-5,0
SA20,D06,R03,0,4.128235443971113,31,7.245811387719197,6,231.9565129249486,33,161.04403834304085,8,0.4115843844820932,18,10100001,-5,0
SA20,D06,R04,0,4.476361388370791,33,12.611300622549072,11,285.6939354582517,41,207.51393493208087,11,0.3789952384157374,17,10100001,-5,0
SA20,D06,R05,0,3.894149225871984,29,21.751396539860124,19,239.82860442810832,34,157.33328610349352,8,0.7384503049716025,32,10100001,-5,0
SA20,D07,R01,0,1.210420756680554,9,35.11063736104856,31,69.25137158009902,10,5.339396589277534,0,0.0011288017920996,0,10100001,-5,0
SA20,D07,R02,0,1.1393199404723031,8,29.85364463940526,27,50.18036467635571,7,6.52449455536388,0,0.0001742703481647,0,10100001,-5,0
SA20,D07,R03,0,1.1195683219612202,8,42.66976472782448,38,58.184497847996695,8,4.954784173771554,0,0.000984342729121,0,10100001,-5,0
SA20,D07,R04,0,1.175573590466187,9,33.02074455544703,30,38.15375916195115,5,6.41610895889797,0,0.0001430819502663,0,10100001,-5,0
SA20,D07,R05,0,1.11328125,8,34.96743324084194,31,46.48222878253838,7,5.730714657495772,0,0.0003399996593259,0,10100001,-5,0
SA20,D08,R01,0,1.560726532602785,12,13.903886578785944,12,104.66541655187731,15,20.43278739686913,1,0.000139497673969,0,10100001,-5,0
SA20,D08,R02,0,1.6257369497808716,12,11.732957462252449,11,123.22080520398065,18,20.790932649002,1,8.800117875487814e-05,0,10100001,-5,0
SA20,D08,R03,0,1.7119672628820002,13,32.65517347283212,29,143.4095778121756,21,11.959753489707348,1,0.0021204353610215,0,10100001,-5,0
SA20,D08,R04,0,2.044596328253529,15,19.046210665702667,17,126.70134004969636,18,33.931968993250415,2,0.0001270465388869,0,10100001,-5,0
SA20,D08,R05,0,1.7188077049972206,13,13.267943210580777,12,128.5331557587273,18,24.747140899377086,1,0.0002016758450903,0,10100001,-5,0
SA20,D09,R01,0,1.3423696125724138,10,14.579423464905515,13,72.60680208025015,10,19.79689946248921,1,8.783465112258918e-05,0,10100001,-5,0
SA20,D09,R02,0,1.2276194689507312,9,17.72212327492875,16,69.3300540200896,10,7.856138556186987,0,0.0001337237397541,0,10100001,-5,0
SA20,D09,R03,0,1.1797263031697756,9,15.119816394390227,14,75.94561596266196,11,7.581085027742196,0,0.0002084233002862,0,10100001,-5,0
SA20,D09,R04,0,1.1790470633265928,9,37.89506545244804,34,74.89749838066297,11,13.571503609547264,1,0.000716798471254,0,10100001,-5,0
SA20,D09,R05,0,1.179887969307759,9,36.09888336823706,32,49.62863848485251,7,7.447470836712,0,0.0010314253529567,0,10100001,-5,0
SA20,D10,R01,0,2.0360332803160874,15,15.363439172751391,14,110.95353735935912,16,57.294847880569975,3,0.0001249236471802,0,10100001,-5,0
SA20,D10,R02,0,1.8371339186777456,14,13.25872295934906,12,146.5407326685441,21,25.923547723803296,1,0.019299155376663,1,10100001,-5,0
SA20,D10,R03,0,1.560364751966567,12,18.99223369128996,17,135.04709345137744,19,22.264693788017095,1,0.0183120933158032,1,10100001,-5,0
SA20,D10,R04,0,1.6714961968645972,12,23.350985312147632,21,166.08159493569983,24,19.3871422480977,1,0.0160097868978693,1,10100001,-5,0
SA20,D10,R05,0,1.6564618820838817,12,34.97711730650427,31,159.97455338691313,23,20.47541142000542,1,0.0111949873327007,0,10100001,-5,0
SA20,D11,R01,0,2.798361271470155,21,14.61729138268252,13,162.48698090705795,23,64.27388011572876,3,0.0001447136818083,0,10100001,-5,0
SA20,D11,R02,0,3.438234562850488,25,21.82644472087346,20,147.52420748058333,21,110.27858064303456,6,9.521190022495776e-05,0,10100101,-3,0
SA20,D11,R03,0,3.492454023666149,26,26.62731085940999,24,152.95076480766542,22,101.97054439544732,5,0.0002952315053133,0,10100101,-3,0
SA20,D11,R04,0,3.4622114260952315,26,28.13249427542125,25,205.30175323172045,29,101.98309527789436,5,0.0001813448948991,0,10100101,-3,0
SA20,D11,R05,0,2.8858358764930983,21,21.593211337488626,19,170.63214945573725,24,71.21582067785974,4,0.0001045153529422,0,10100001,-5,0
SA20,D12,R01,0,1.069385433357929,8,86.17444221366003,77,52.64790828295638,8,12.545415779191904,1,0.0006792157329165,0,10000001,-3,0
SA20,D12,R02,0,1.0967453404491283,8,86.31053731809658,77,69.77412954783198,10,6.543257819769299,0,0.0007582309264761,0,10000001,-3,0
SA20,D12,R03,0,1.092703182085888,8,81.30558065527674,73,33.056327333754744,5,5.6059148181711205,0,0.0002400611310124,0,10000001,-3,0
SA20,D12,R04,0,1.1631117656924408,9,27.85663565598572,25,64.200658222119,9,14.592957779306204,1,0.0003935630590718,0,10100001,-5,0
SA20,D12,R05,0,1.1914574784068304,9,90.33463876874812,81,64.65850244639198,9,10.188731976151132,1,0.0016915327704397,0,10000001,-3,0
SA20,D13,R01,0,1.5269540743313754,11,97.14935169036372,87,121.69341841080391,17,23.491121926828164,1,0.0014599941668586,0,10000001,-3,0
SA20,D13,R02,0,1.4709559979318083,11,97.7196172263069,88,116.86748679384324,17,20.57044675557056,1,0.0005804049972937,0,10000001,-3,0
SA20,D13,R03,0,1.4660359731634742,11,91.03274844435826,82,107.72774239553132,15,16.343090378613834,1,0.0014273581050118,0,10000001,-3,0
SA20,D13,R04,0,1.5007881637008893,11,100.19774266940532,90,118.74150823045842,17,31.02758492380491,2,0.0019406863418049,0,10000001,-3,0
SA20,D13,R05,0,1.2537237016652385,9,7.068449221050964,6,77.76647796224397,11,12.408800453403002,1,0.0001449022323057,0,10100001,-5,0
SA20,D14,R01,0,1.1204879133942052,8,74.74328028537283,67,104.7749659266288,15,12.358170792011048,1,0.0002120635268052,0,10000001,-3,0
SA20,D14,R02,0,1.1650713958474284,9,78.7548490197378,71,97.59286730950684,14,18.57203728932031,1,0.0002130229741674,0,10000001,-3,0
SA20,D14,R03,0,1.0874399453604895,8,93.26555074490732,84,50.02522726221808,7,7.327044817050621,0,0.0009673868101396,0,10000001,-3,0
SA20,D14,R04,0,1.1860406843286668,9,84.78880172899449,76,112.26338165951304,16,9.394475148096504,0,0.0003270125771189,0,10000001,-3,0
SA20,D14,R05,0,1.1338693884390134,8,105.38280874116866,94,39.5474844606387,6,4.644139562883698,0,7.608127636358414e-05,0,10000001,-3,0
SA20,D15,R01,0,1.1973468696944871,9,16.43219898953507,15,17.147403242686643,2,14.095194390945176,1,0.0014643270628582,0,10100001,-5,0
SA20,D15,R02,0,1.19181601559933,9,13.80748568438038,12,22.034029548565304,3,6.9728632046979655,0,0.000184253947792,0,10100001,-5,0
SA20,D15,R03,0,1.1814388386591104,9,13.929784748124836,12,17.469600943378627,3,12.3474038622176,1,0.000700772527784,0,10100001,-5,0
SA20,D15,R04,0,1.115759303453118,8,17.783554072746043,16,14.26408708018478,2,7.45351988092775,0,0.000543411824221,0,10100001,-5,0
SA20,D15,R05,0,1.1123282653613882,8,14.239371103557367,13,9.752073422069492,1,4.548347112719231,0,0.0002410367185997,0,10100001,-5,0
SA20,D16,R01,0,1.149168028707345,8,81.48230288598408,73,117.73164301729344,17,10.947986625783868,1,0.0001489218253699,0,10000001,-3,0
SA20,D16,R02,0,1.1401299225239092,8,79.93914602190938,72,67.39256967860413,10,12.778011662385747,1,9.80826924313736e-05,0,10000001,-3,0
SA20,D16,R03,0,1.1268837310740514,8,53.230877168714095,48,79.81095288031062,11,7.711320422893908,0,0.0002703592839375,0,10100001,-5,0
SA20,D16,R04,0,1.107137653672608,8,80.50242655857434,72,74.82783206030841,11,9.098624947667089,0,0.0001955412403763,0,10000001,-3,0
SA20,D16,R05,0,1.1313433361012142,8,84.59180486329316,76,62.33207674617103,9,7.294173039841789,0,0.0001229823435227,0,10000001,-3,0
SA20,D17,R01,0,1.6039235645071277,12,19.271713710871094,17,71.85626718793486,10,31.699591234006206,2,0.0001116712137229,0,10100001,-5,0
SA20,D17,R03,0,1.2743418472116057,9,11.08576875027494,10,38.00843986158128,5,9.489896329413927,0,0.0001283781381247,0,10100001,-5,0
SA20,D17,R04,0,1.5738697659079235,12,18.175720944473888,16,70.32947865107002,10,26.831572599111908,1,0.0001860742531141,0,10100001,-5,0
SA20,D17,R05,0,1.5881728781276654,12,32.73888530006524,29,114.9528264390149,16,21.161610476710724,1,0.0055242370834849,0,10100001,-5,0
SA20,D18,R01,0,5.374628098507433,40,10.744238588119874,10,399.2030791997407,57,150.13825862359784,8,0.0480666884873476,2,10110110,3,1
SA20,D18,R02,0,3.7086197531740575,27,11.204616619251128,10,224.5685789127956,32,166.25396520743888,9,0.1071236954520296,5,10100101,-3,0
SA20,D18,R03,0,3.259882061469019,24,20.3937920380153,18,174.1613130872208,25,151.630879298818,8,0.0572164826500483,3,10100101,-3,0
SA20,D18,R04,0,3.727377236670998,28,10.399546324028243,9,230.43433433512388,33,117.35715227011454,6,0.0516027127690277,2,10100101,-3,0
SA20,D18,R05,0,3.493404167951951,26,12.754863587235096,11,227.36156891930975,33,159.51377096990967,8,0.0700063171409041,3,10100101,-3,0
SA20,D19,R01,0,4.15893101088733,31,1.9103372947324957,2,201.8834925568832,29,91.36418881738012,5,0.0001892822726484,0,10100101,-3,0
SA20,D19,R02,0,4.024349487053195,30,5.765608286594262,5,191.90878972862515,27,102.09397267549788,5,0.0015375043130913,0,10100101,-3,0
SA20,D19,R03,0,4.438326906339714,33,8.376443358483794,8,211.54641636858537,30,105.7653249958742,6,0.0007741550968303,0,10100100,-1,0
SA20,D19,R04,0,4.987756616401118,37,11.043543496572465,10,228.177211286597,33,128.23205271638363,7,0.0078077688068402,0,10100100,-1,0
SA20,D19,R05,0,4.724098660516827,35,8.907100141742198,8,280.50474265325454,40,204.62435843961728,11,0.0014091091480104,0,10110100,1,1
SA20,F01,R01,1,16.02860421103789,119,68.37860378190754,61,1000.4822976122864,127,1992.295870911817,104,0.0093679399089894,0,10010110,5,1
SA20,F01,R02,1,20.994475228314347,127,117.8563744039792,106,798.4574817463883,114,2642.261919504645,127,0.0027100327093345,0,10010110,5,1
SA20,F01,R04,1,8.01520428659553,59,67.30558498961607,60,566.2589999877354,81,389.0228998548881,20,0.0042397762186083,0,10010110,5,1
SA20,F01,R05,1,13.7116085572961,101,73.80150553754034,66,566.9080583139703,81,1258.6989579907463,66,0.0004979418451536,0,10010110,5,1
SA20,F02,R01,1,5.634223665986236,42,74.7137765051784,67,267.0558440554979,38,289.64509978530504,15,0.0010638492981692,0,10010110,5,1
SA20,F02,R02,1,7.076215810742018,52,69.21875691981415,62,408.4638511268223,59,298.0538213849332,16,0.0117922689666522,1,10010110,5,1
SA20,F02,R03,1,5.56511223994306,41,45.150400422543065,40,403.0177017955271,58,209.7239100030776,11,0.0093211156765423,0,10010110,5,1
SA20,F02,R04,1,10.41025665406553,77,35.9866440405238,32,552.9617947035644,79,403.1063202715291,21,0.0013887210057891,0,10010110,5,1
SA20,F02,R05,1,5.103319411770606,38,54.7315105455312,49,373.1907522152145,53,284.1407757935257,15,0.0054590860723745,0,10010110,5,1
SA20,F03,R01,1,5.631594712760237,42,82.12668780130888,74,543.2774331828504,78,213.20334461866025,11,0.015320821940333,1,10010110,5,1
SA20,F03,R02,1,18.591920291408048,127,37.961622277232685,34,925.9914107340154,127,1137.3738340300467,59,0.0113750900642188,1,10010110,5,1
SA20,F03,R03,1,12.78910127609424,95,52.53096917357102,47,668.1811430040577,96,569.0531143976932,30,0.0044871939732387,0,10010110,5,1
SA20,F03,R04,1,9.891392489722678,73,50.47584636443232,45,477.87778733917617,68,387.89720668011614,20,0.0021191438363289,0,10010110,5,1
SA20,F03,R05,1,14.71700670159808,109,43.81035968627806,39,772.5982110005378,111,699.638472053574,36,0.017998156512866,1,10010110,5,1
SA20,F04,R01,1,10.06791664430336,74,76.56023753361475,69,863.171751750529,124,1378.5135699894024,72,0.0037759972970149,0,10010110,5,1
SA20,F04,R02,1,14.259319269697142,105,91.66279188760345,82,828.7658034014642,119,1073.9252407566112,56,0.0019325792531712,0,10010110,5,1
SA20,F04,R03,1,22.46977203973325,127,46.49473604069369,42,795.0789017667422,114,2450.757731377789,127,0.0018191687683841,0,10010110,5,1
SA20,F04,R04,1,13.855755631192697,102,160.5688166107558,127,518.8305726156588,74,1865.9925026873616,97,0.0060494109499203,0,10010110,5,1
SA20,F04,R05,1,18.09495168856021,127,42.497585210475336,38,633.770129798278,91,1635.924892243201,85,0.0008762366184883,0,10010110,5,1
SA20,F05,R01,1,18.312267106694197,127,78.27408109961492,70,1208.7213803313518,127,2697.205214107921,127,0.0025808142765591,0,10010110,5,1
SA20,F05,R02,1,10.286087892195775,76,99.1955300829664,89,958.7677168980985,127,898.3499228528661,47,0.00144500621044,0,10010110,5,1
SA20,F05,R03,1,18.897577588693824,127,37.28373649485594,33,986.6697022094272,127,1405.3687497447213,73,0.0048627996007557,0,10010110,5,1
SA20,F05,R04,1,7.578551856534829,56,30.34192723537304,27,587.698391760191,84,695.5312085602466,36,0.0063002363250116,0,10010110,5,1
SA20,F05,R05,1,17.196026826655245,127,41.13592901463328,37,967.8097938460348,127,1063.8782371610712,55,0.0127956462961123,1,10010110,5,1
SA20,F06,R01,1,4.464821535924616,33,38.99575132342839,35,485.9380498189974,70,183.48911615250967,10,0.0046823792743435,0,10010110,5,1
SA20,F06,R02,1,10.558190544465573,78,31.39945614840589,28,789.6446356256084,113,623.2348129360645,33,0.0191472423129873,1,10010110,5,1
SA20,F06,R03,1,11.106966983662636,82,32.06238820941866,29,746.1359027119336,107,797.6773495834262,42,0.0397437331498958,2,10010110,5,1
SA20,F06,R04,1,3.0518414051051312,23,118.05727469875858,106,389.4354589543788,56,104.76220877715856,5,0.0061194008179321,0,10010110,5,1
SA20,F06,R05,1,9.961786881678234,74,33.463075179612055,30,665.9077140218795,95,571.6655253642743,30,0.0251916933912672,1,10010110,5,1
SA20,F07,R01,1,6.886599102051957,51,28.986519846509843,26,613.7909047146404,88,307.5600955910954,16,0.0702604514817926,3,10010110,5,1
SA20,F07,R02,1,4.486841248001274,33,126.41530125039904,113,424.23185553074273,61,159.7272121721036,8,0.0165418422082489,1,10010110,5,1
SA20,F07,R03,1,6.350011582251371,47,43.5526541270055,39,537.9024234217428,77,256.0067799399703,13,0.0438563075336696,2,10010110,5,1
SA20,F07,R04,1,6.167357672389342,46,46.46179576684752,42,484.1823925575195,69,259.0419832605188,14,0.1321063876739763,6,10010110,5,1
SA20,F07,R05,1,3.9629286477044814,29,114.5877700229491,103,402.98341160874617,58,138.92445683731492,7,0.0085821818471059,0,10010110,5,1
SA20,F08,R01,1,13.801916149734314,102,90.48084542181948,81,706.573003250502,101,1907.99186154742,100,0.0006749023431199,0,10010110,5,1
SA20,F08,R02,1,9.442136724431158,70,111.58857048761251,100,494.2346717086104,71,1437.7229085468175,75,0.0005774306826553,0,10010110,5,1
SA20,F08,R03,1,21.95509923562836,127,127.42831148564206,114,744.5747881124867,107,3925.947030666384,127,0.0006295521078972,0,10010110,5,1
SA20,F08,R04,1,9.455754896314714,70,100.23885022354662,90,830.0708321643675,119,1634.771200769567,85,0.001089810499956,0,10010110,5,1
SA20,F08,R05,1,18.554405425487484,127,111.96097106255756,100,669.4498707067513,96,2265.118908429296,118,0.0006863020134456,0,10010110,5,1
SA20,F09,R01,1,7.340134789998856,54,37.56379928120355,34,603.8411660549987,86,372.876028592076,19,0.0081165794234709,0,10010110,5,1
SA20,F09,R02,1,7.090152584527007,52,39.6054634516438,35,567.4764486973655,81,272.58358046533147,14,0.0037496556211903,0,10010110,5,1
SA20,F09,R03,1,4.70225866709453,35,49.62093848861893,44,428.4878500088864,61,221.6684043624027,12,0.0115299099042393,1,10010110,5,1
SA20,F09,R04,1,5.738936686103914,42,51.14086511802396,46,350.9413636250514,50,340.8382746234231,18,0.0043929556901063,0,10010110,5,1
SA20,F09,R05,1,4.624090981720252,34,41.05251167571078,37,348.126479185102,50,190.4372070249392,10,0.0019374523871197,0,10010110,5,1
SA20,F10,R01,1,21.532409725321077,127,119.25050662874035,107,994.35243242587,127,3807.857739241019,127,0.002627254835139,0,10010110,5,1
SA20,F10,R02,1,8.961306151146177,66,123.646635168848,111,568.8318929821194,81,1471.8991913770956,77,0.0007695164525694,0,10010110,5,1
SA20,F10,R03,1,11.14960698688138,82,118.68855650910872,106,744.8189464766112,107,1706.9104319036655,89,0.0004607043848615,0,10010110,5,1
SA20,F10,R05,1,10.058284279219867,74,110.65234350764594,99,603.2776625782717,86,1782.1222021932397,93,0.0012630081075973,0,10010110,5,1
SA20,F11,R01,1,7.570039380070642,56,30.59894278714464,27,455.76458838723977,65,347.2288572503265,18,0.0023197760894925,0,10010110,5,1
SA20,F11,R02,1,7.626745805841051,56,47.02134480583828,42,446.8414844269026,64,429.5772660653693,22,0.0006149486419128,0,10010110,5,1
SA20,F11,R03,1,6.803420429535104,50,52.81168637719591,47,330.7426016874683,47,308.40337067622283,16,0.0039238916094488,0,10010110,5,1
SA20,F11,R04,1,8.822845662869792,65,51.18465531215408,46,422.6375901832765,61,484.70384032218607,25,0.0012527838413805,0,10010110,5,1
SA20,F11,R05,1,4.534214076335508,34,54.32903108909468,49,372.1607628962796,53,148.93398232720355,8,0.0016790693849563,0,10010110,5,1
SA20,F12,R01,1,9.851073044938747,73,65.78145806142794,59,612.9774689765338,88,451.0595878001931,24,0.0066428037412697,0,10010110,5,1
SA20,F12,R02,1,7.089406839154789,52,52.43783565205187,47,479.1525630499335,69,309.3024526073158,16,0.003352161352169,0,10010110,5,1
SA20,F12,R03,1,7.234815810679158,53,65.78262612039768,59,509.60847105688487,73,264.4165773008704,14,0.0048595226904257,0,10010110,5,1
SA20,F12,R04,1,7.517591064632278,56,61.378021102693445,55,458.9585723117317,66,367.7893859073309,19,0.0043741314010334,0,10010110,5,1
SA20,F12,R05,1,4.716107367434702,35,58.05693953325697,52,304.87734431092355,44,216.02448267863988,11,0.0032342309430868,0,10010110,5,1
SA20,F13,R01,1,3.6685615036222816,27,121.17031821140893,109,303.9768747381394,44,119.07805554606216,6,0.0003038012421692,0,10010110,5,1
SA20,F13,R02,1,4.841110987244592,36,124.74757451071449,112,387.77592202930913,56,241.9096910573168,13,0.0002965548849758,0,10010110,5,1
SA20,F13,R03,1,4.045834204964719,30,100.1895081738096,90,393.39368948951375,56,163.09641069792482,9,0.0011710060382049,0,10010110,5,1
SA20,F13,R04,1,5.718324405696922,42,95.32374898554112,85,371.7424144323692,53,240.734529625969,13,0.0045955834723763,0,10010110,5,1
SA20,F13,R05,1,3.125119626616565,23,117.45340602381228,105,349.1117302766014,50,139.40224742050623,7,0.0032449548645683,0,10010110,5,1
SA20,F14,R01,1,7.917290378562388,59,123.93749452374664,111,300.7289977327002,43,472.4928065477748,25,0.0016803998778938,0,10010110,5,1
SA20,F14,R02,1,5.6764331503636045,42,133.2024453714675,119,271.66380544459486,39,236.56799261712771,12,0.0029604500506158,0,10010110,5,1
SA20,F14,R03,1,7.805696256130439,58,122.9539653398972,110,356.16680395185875,51,386.229636003401,20,0.0024731989337774,0,10010110,5,1
SA20,F14,R04,1,7.591174532714474,56,123.83416437513236,111,349.1756850022929,50,404.5922452259497,21,0.0253268514490139,1,10010110,5,1
SA20,F14,R05,1,5.8124488089983695,43,94.59050996273866,85,154.06217712383986,22,207.40339990289647,11,0.0025739005766489,0,10000110,3,1
SA20,F15,R01,1,3.3791094592073647,25,138.20724719943314,124,347.4994959673211,50,149.27219026289876,8,0.0019117932289491,0,10010110,5,1
SA20,F15,R02,1,6.596624678827825,49,115.1114936328457,103,537.3522330809994,77,903.4320181229194,47,0.0092979714262542,0,10010110,5,1
SA20,F15,R03,1,5.699054090750225,42,136.53761598070457,122,488.73168768321233,70,281.99260412371075,15,0.0009442318861949,0,10010110,5,1
SA20,F15,R04,1,3.593737262205687,27,123.14312208433304,110,329.94942159191584,47,92.50056926869944,5,0.0019511688166537,0,10010110,5,1
SA20,F15,R05,1,13.680862001621897,101,117.05409830236825,105,725.1647353050872,104,1992.1590212759077,104,0.0004476222702349,0,10010110,5,1
SA21,D01,R01,0,1.4145857543624962,10,5.921693074615368,5,29.363429448863997,4,16.382758162959465,1,0.006112210258516,0,10100001,-5,0
SA21,D01,R01,0,1.4145857543624962,10,5.921693074615368,5,29.363429448863997,4,16.382758162959465,1,0.006112210258516,0,10100001,-5,0
SA21,D01,R01,0,1.3546185644225186,10,15.95210361518153,14,43.3998589064023,6,15.22112991351241,1,0.0058952961827799,0,10100001,-5,0
SA21,D01,R01,0,1.3546185644225186,10,15.95210361518153,14,43.3998589064023,6,15.22112991351241,1,0.0058952961827799,0,10100001,-5,0
SA21,D01,R01,0,1.4376273720743842,11,10.458736722056374,9,38.108916564160985,5,20.5553407056843,1,0.0071205022361782,0,10100001,-5,0
SA21,D01,R01,0,1.4376273720743842,11,10.458736722056374,9,38.108916564160985,5,20.5553407056843,1,0.0071205022361782,0,10100001,-5,0
SA21,D01,R01,0,1.5113755262823705,11,17.659545592099477,16,38.903101904788144,6,24.174241884739622,1,0.0206442379844087,1,10100001,-5,0
SA21,D01,R01,0,1.5113755262823705,11,17.659545592099477,16,38.903101904788144,6,24.174241884739622,1,0.0206442379844087,1,10100001,-5,0
SA21,D01,R01,0,1.6521313397751365,12,19.09731056443535,17,84.16073047993572,12,54.65246684430633,3,0.0105071321688856,0,10100001,-5,0
SA21,D01,R01,0,1.6521313397751365,12,19.09731056443535,17,84.16073047993572,12,54.65246684430633,3,0.0105071321688856,0,10100001,-5,0
SA21,D01,R01,0,1.5430478618959176,11,12.184395407447484,11,47.29720550260326,7,24.98207274709938,1,0.0048781558606533,0,10100001,-5,0
SA21,D01,R01,0,1.5430478618959176,11,12.184395407447484,11,47.29720550260326,7,24.98207274709938,1,0.0048781558606533,0,10100001,-5,0
SA21,D01,R01,0,1.3424605459315415,10,12.454526113015726,11,31.063656741273945,4,20.157940337805517,1,0.0071182831222542,0,10100001,-5,0
SA21,D01,R01,0,1.535682956718179,11,12.639420612312454,11,47.077733954556855,7,25.9214359720779,1,0.0051512563497578,0,10100001,-5,0
SA21,D01,R01,0,1.535682956718179,11,12.639420612312454,11,47.077733954556855,7,25.9214359720779,1,0.0051512563497578,0,10100001,-5,0
SA21,D01,R01,0,1.4169460843852484,10,6.828677567448906,6,50.332100468130186,7,21.16008499939021,1,0.0104884676059774,0,10100001,-5,0
SA21,D01,R01,0,1.390120168198149,10,10.468468008293074,9,38.99573342203544,6,23.832093475040985,1,0.0068682096638502,0,10100001,-5,0
SA21,D01,R01,0,1.3311603641331358,10,10.039379011102993,9,40.53152591314351,6,14.632919210024076,1,0.0075480170993052,0,10100001,-5,0
SA21,D01,R01,0,1.3311603641331358,10,10.039379011102993,9,40.53152591314351,6,14.632919210024076,1,0.0075480170993052,0,10100001,-5,0
SA21,D01,R01,0,1.5167974282931005,11,12.689902526716486,11,42.08656174327953,6,21.84290476977275,1,0.0062887056266961,0,10100001,-5,0
SA21,D01,R01,0,1.5167974282931005,11,12.689902526716486,11,42.08656174327953,6,21.84290476977275,1,0.0062887056266961,0,10100001,-5,0
SA21,D01,R01,0,1.404599726123069,10,6.137171970787475,5,48.126868979587655,7,22.43153636536297,1,0.0049635736669854,0,10100001,-5,0
SA21,D01,R01,0,1.3996590335350427,10,7.884194597103343,7,31.05298163569109,4,17.633452468848844,1,0.0057527684252239,0,10100001,-5,0
SA21,D01,R01,0,1.373962010553899,10,8.751092720408764,8,32.55537652205871,5,17.44201979350226,1,0.0035283544395104,0,10100001,-5,0
SA21,D01,R01,0,1.38250901507289,10,10.251579604861696,9,38.45064674957082,6,18.216786574495814,1,0.0034631255250456,0,10100001,-5,0
SA21,D01,R01,0,1.4021859677950177,10,9.211286720312724,8,50.84100288889857,7,21.092003871095244,1,0.0057298265234638,0,10100001,-5,0
SA21,D01,R01,0,1.4021859677950177,10,9.211286720312724,8,50.84100288889857,7,21.092003871095244,1,0.0057298265234638,0,10100001,-5,0
SA21,D01,R01,0,1.3092290901698125,10,5.4558033329218265,5,28.24826777894777,4,17.88649949090937,1,0.0059318016446973,0,10100001,-5,0
SA21,D01,R01,0,1.3899061080727044,10,8.295029677879285,7,41.28905391061453,6,22.397838840593344,1,0.0076088484765421,0,10100001,-5,0
SA21,D01,R01,0,1.3899061080727044,10,8.295029677879285,7,41.28905391061453,6,22.397838840593344,1,0.0076088484765421,0,10100001,-5,0
SA21,D01,R01,0,1.3497831947581664,10,9.138641555539223,8,42.02043337419637,6,14.6207896243276,1,0.0041063923753835,0,10100001,-5,0
SA21,D01,R01,0,1.408532219260643,10,7.422951988862996,7,40.630393403838845,6,16.831178829931126,1,0.0051095954277847,0,10100001,-5,0
SA21,D01,R01,0,1.408532219260643,10,7.422951988862996,7,40.630393403838845,6,16.831178829931126,1,0.0051095954277847,0,10100001,-5,0
SA21,D01,R01,0,1.4653436646957814,11,7.845674113296109,7,37.37754298333396,5,24.511935056201885,1,0.0057435535767494,0,10100001,-5,0
SA21,D01,R01,0,1.4653436646957814,11,7.845674113296109,7,37.37754298333396,5,24.511935056201885,1,0.0057435535767494,0,10100001,-5,0
SA21,D01,R01,0,1.4266638963143614,11,4.813349782941375,4,33.59290942537689,5,19.04030667380105,1,0.0034981581847567,0,10100001,-5,0
SA21,D01,R01,0,1.267486333829802,9,10.732493846773982,10,26.5540109420832,4,13.645162741932904,1,0.005471348087259,0,10100001,-5,0
SA21,D01,R01,0,1.439584299060518,11,3.482486916435183,3,34.222929712323506,5,20.09344167966072,1,0.0063781804641342,0,10100001,-5,0
SA21,D01,R01,0,1.439584299060518,11,3.482486916435183,3,34.222929712323506,5,20.09344167966072,1,0.0063781804641342,0,10100001,-5,0
SA21,D01,R01,0,1.337786549327844,10,7.2359626585887,6,39.10967838841784,6,13.589732482988136,1,0.0066705736104716,0,10100001,-5,0
SA21,D01,R01,0,1.422786881358422,11,5.757665956932738,5,34.09822838773376,5,20.333909223260527,1,0.0106189234955634,0,10100001,-5,0
SA21,D01,R01,0,1.4356784059640804,11,3.996904760449394,4,39.85081591315309,6,17.746186727035695,1,0.0054238169474039,0,10100001,-5,0
SA21,D01,R01,0,1.4356784059640804,11,3.996904760449394,4,39.85081591315309,6,17.746186727035695,1,0.0054238169474039,0,10100001,-5,0
SA21,D01,R01,0,1.4171560601529123,10,5.938752114416768,5,37.7918036229527,5,19.45036117851804,1,0.0044434027160344,0,10100001,-5,0
SA21,D01,R01,0,1.3161570146108612,10,10.852939698282691,10,40.56928371900544,6,19.070291447156727,1,0.0040067235849291,0,10100001,-5,0
SA21,D01,R01,0,1.3669084536658354,10,9.045481885638203,8,41.19877567995204,6,16.60820380893555,1,0.0068227938549784,0,10100001,-5,0
SA21,D01,R01,0,1.3669084536658354,10,9.045481885638203,8,41.19877567995204,6,16.60820380893555,1,0.0068227938549784,0,10100001,-5,0
SA21,D01,R01,0,1.3946242528511488,10,10.651423192911162,10,40.21258087980125,6,17.97678968363785,1,0.0085274135128636,0,10100001,-5,0
SA21,D02,R01,0,1.647581049730085,12,22.3532809622153,20,43.41496349509792,6,25.886255298093275,1,0.0505030699489076,2,10100001,-5,0
SA21,D02,R01,0,1.647581049730085,12,22.3532809622153,20,43.41496349509792,6,25.886255298093275,1,0.0505030699489076,2,10100001,-5,0
SA21,D02,R01,0,1.6331442172018025,12,7.927701450937085,7,49.54381951733493,7,17.024611931770337,1,0.0428111952620631,2,10100001,-5,0
SA21,D02,R01,0,1.5593767613341756,12,10.85376289136696,10,42.78581866828864,6,24.76511546878326,1,0.0381070876305066,2,10100001,-5,0
SA21,D02,R01,0,1.5593767613341756,12,10.85376289136696,10,42.78581866828864,6,24.76511546878326,1,0.0381070876305066,2,10100001,-5,0
SA21,D02,R01,0,1.5279280771634427,11,10.371328553320929,9,35.92565797496574,5,18.723344971012533,1,0.042930214718072,2,10100001,-5,0
SA21,D02,R01,0,1.582224139475524,12,13.227937651135456,12,38.65125665200933,6,16.772051410102982,1,0.0474917071265531,2,10100001,-5,0
SA21,D02,R01,0,1.582224139475524,12,13.227937651135456,12,38.65125665200933,6,16.772051410102982,1,0.0474917071265531,2,10100001,-5,0
SA21,D02,R01,0,1.5151567817365263,11,7.903037236739969,7,65.89479392244306,9,22.05613669117672,1,0.0301583153290947,1,10100001,-5,0
SA21,D02,R01,0,1.4695081985831604,11,18.186018008592463,16,36.891801368605904,5,20.027383765961822,1,0.0381771867940134,2,10100001,-5,0
SA21,D02,R01,0,1.494343583029226,11,9.936000714594122,9,40.18876536796257,6,18.428420073079582,1,0.0432730612624423,2,10100001,-5,0
SA21,D02,R01,0,1.494343583029226,11,9.936000714594122,9,40.18876536796257,6,18.428420073079582,1,0.0432730612624423,2,10100001,-5,0
SA21,D02,R01,0,1.4775800478659566,11,11.24132784775842,10,35.11330843029101,5,18.058070412623195,1,0.0393837829952477,2,10100001,-5,0
SA21,D02,R01,0,1.4775800478659566,11,11.24132784775842,10,35.11330843029101,5,18.058070412623195,1,0.0393837829952477,2,10100001,-5,0
SA21,D02,R01,0,1.4754563482349707,11,6.498303989294359,6,35.08146597195831,5,21.026261449219817,1,0.0293078819041677,1,10100001,-5,0
SA21,D02,R01,0,1.4754563482349707,11,6.498303989294359,6,35.08146597195831,5,21.026261449219817,1,0.0293078819041677,1,10100001,-5,0
SA21,D02,R01,0,1.7297852417054191,13,8.309951569409675,7,41.16901597695311,6,26.331813169835616,1,0.0448186800171722,2,10100001,-5,0
SA21,D02,R01,0,1.7297852417054191,13,8.309951569409675,7,41.16901597695311,6,26.331813169835616,1,0.0448186800171722,2,10100001,-5,0
SA21,D02,R01,0,1.5081565345853527,11,4.631868579362649,4,39.01831989506499,6,26.578394217134612,1,0.0348213364109369,2,10100001,-5,0
SA21,D02,R01,0,1.681966114333349,12,12.407836177373705,11,46.88469468635606,7,31.32126621813209,2,0.0452297592305922,2,10100001,-5,0
SA21,D02,R01,0,1.681966114333349,12,12.407836177373705,11,46.88469468635606,7,31.32126621813209,2,0.0452297592305922,2,10100001,-5,0
SA21,D02,R01,0,1.4366824271509606,11,16.125397567608044,14,56.89985869085065,8,15.828043075047438,1,0.03207781981739,1,10100001,-5,0
SA21,D02,R01,0,1.44312545677234,11,16.04584353785409,14,39.63964392952018,6,18.83544059194784,1,0.0381663147412965,2,10100001,-5,0
SA21,D02,R01,0,1.462602452007102,11,11.776189180862517,11,40.307240106030704,6,14.277720299256735,1,0.0394305925773513,2,10100001,-5,0
SA21,D02,R01,0,1.462602452007102,11,11.776189180862517,11,40.307240106030704,6,14.277720299256735,1,0.0394305925773513,2,10100001,-5,0
SA21,D02,R01,0,1.5454637659787192,11,10.467205250925808,9,46.32037588479654,7,17.48919788620067,1,0.046567525086947,2,10100001,-5,0
SA21,D02,R01,0,1.5454637659787192,11,10.467205250925808,9,46.32037588479654,7,17.48919788620067,1,0.046567525086947,2,10100001,-5,0
SA21,D02,R01,0,1.5783667048813863,12,11.713625363281622,10,44.7445146272869,6,14.067498480566808,1,0.0497016451952251,2,10100001,-5,0
SA21,D02,R01,0,1.5820794745736346,12,12.779258462003911,11,59.12038645779647,8,23.626277756885727,1,0.0354177385693234,2,10100001,-5,0
SA21,D02,R01,0,1.5820794745736346,12,12.779258462003911,11,59.12038645779647,8,23.626277756885727,1,0.0354177385693234,2,10100001,-5,0
SA21,D02,R01,0,1.5797533755428603,12,8.751702829963929,8,59.12038645779647,8,23.626277756885727,1,0.0349604252702412,2,10100001,-5,0
SA21,D02,R01,0,1.4675599816718523,11,12.321982943144544,11,40.81467950092484,6,12.875915953972903,1,0.0343666646651303,2,10100001,-5,0
SA21,D02,R01,0,1.5206254094096243,11,11.595565708832789,10,38.63761617420296,6,25.044910268999267,1,0.0451080427179009,2,10100001,-5,0
SA21,D02,R01,0,1.656434246827353,12,5.864077068300609,5,50.17301457529687,7,20.88471784589552,1,0.05144852684892,2,10100001,-5,0
SA21,D02,R01,0,1.656434246827353,12,5.864077068300609,5,50.17301457529687,7,20.88471784589552,1,0.05144852684892,2,10100001,-5,0
SA21,D02,R01,0,1.5879326658795037,12,8.213392788627374,7,61.33334751124667,9,21.295147440055253,1,0.0297559473303182,1,10100001,-5,0
SA21,D02,R01,0,1.5879326658795037,12,8.213392788627374,7,61.33334751124667,9,21.295147440055253,1,0.0297559473303182,1,10100001,-5,0
SA21,D02,R01,0,1.510693895175947,11,15.378853439366567,14,35.046937327642034,5,17.112664501866305,1,0.0341955086273839,2,10100001,-5,0
SA21,D02,R01,0,1.4991350859276742,11,8.947636826754755,8,43.48548215004239,6,14.593306375576454,1,0.0423754623841792,2,10100001,-5,0
SA21,D02,R01,0,1.576402989948557,12,29.344352705710836,26,67.5096561889556,10,24.6822723069386,1,0.0452657465770567,2,10100001,-5,0
SA21,D02,R01,0,1.576402989948557,12,29.344352705710836,26,67.5096561889556,10,24.6822723069386,1,0.0452657465770567,2,10100001,-5,0
SA21,D02,R01,0,1.6464832165624632,12,14.553625064445118,13,58.33166636628301,8,23.391988101947536,1,0.0331957132563883,1,10100001,-5,0
SA21,D02,R01,0,1.6464832165624632,12,14.553625064445118,13,58.33166636628301,8,23.391988101947536,1,0.0331957132563883,1,10100001,-5,0
SA21,D02,R01,0,1.565748576086092,12,12.052709853671974,11,50.08841089077747,7,18.006928098544872,1,0.0455185409089447,2,10100001,-5,0
SA21,D02,R01,0,1.4916045163524831,11,11.828560999423727,11,50.08841089077747,7,14.317420620356192,1,0.0486206113015794,2,10100001,-5,0
SA21,D02,R01,0,1.54702295693919,11,38.70135580809231,35,46.630459928549286,7,23.15545847686997,1,0.0469004568107953,2,10100001,-5,0
SA21,D02,R01,0,1.54702295693919,11,38.70135580809231,35,46.630459928549286,7,23.15545847686997,1,0.0469004568107953,2,10100001,-5,0
SA21,D02,R01,0,1.6427534556395325,12,9.965466356442256,9,69.91128894651155,10,22.32390604889276,1,0.0427538245168896,2,10100001,-5,0
SA21,D02,R01,0,1.6427534556395325,12,9.965466356442256,9,69.91128894651155,10,22.32390604889276,1,0.0427538245168896,2,10100001,-5,0
SA21,D03,R01,0,2.186812810588663,16,2.64191945907196,2,76.36790848413605,11,75.58651687852742,4,0.3338697773708625,15,10100001,-5,0
SA21,D03,R01,0,2.426347307143561,18,6.892682859645962,6,71.1937096828815,10,57.61992932238697,3,0.3653301901760211,16,10100001,-5,0
SA21,D03,R01,0,2.660161986043742,20,13.827757719806131,12,110.75471137813057,16,73.33001810641949,4,0.4349542839483266,19,10100001,-5,0
SA21,D03,R01,0,3.051588901575497,23,14.277326194479524,13,94.1668818092983,13,71.52258701663352,4,0.4413870199301286,19,10100001,-5,0
SA21,D03,R01,0,3.051588901575497,23,14.277326194479524,13,94.1668818092983,13,71.52258701663352,4,0.4413870199301286,19,10100001,-5,0
SA21,D03,R01,0,2.9875841711468984,22,14.870882703283169,13,89.88566043060479,13,69.69519625836749,4,0.4836907417258049,21,10100001,-5,0
SA21,D03,R01,0,2.9875841711468984,22,14.870882703283169,13,89.88566043060479,13,69.69519625836749,4,0.4836907417258049,21,10100001,-5,0
SA21,D03,R01,0,2.731831964779141,20,13.791203280254717,12,85.61355047875041,12,72.0120024944892,4,0.4087437987007443,18,10100001,-5,0
SA21,D03,R01,0,2.778802030130296,21,20.70067311975765,19,119.4744904087196,17,61.54033431732158,3,0.4506078302237556,20,10100001,-5,0
SA21,D03,R01,0,2.778802030130296,21,20.70067311975765,19,119.4744904087196,17,61.54033431732158,3,0.4506078302237556,20,10100001,-5,0
SA21,D03,R01,0,2.8414337450553133,21,16.810956150268577,15,96.25340898471345,14,66.67455079545128,3,0.490312631802377,22,10100001,-5,0
SA21,D03,R01,0,2.947301218514363,22,18.92484519236545,17,84.56274972274008,12,72.97944093709057,4,0.4110321240112721,18,10100001,-5,0
SA21,D03,R01,0,2.947301218514363,22,18.92484519236545,17,84.56274972274008,12,72.97944093709057,4,0.4110321240112721,18,10100001,-5,0
SA21,D03,R01,0,2.770440171726722,20,24.523843280795127,22,193.2124051349933,28,100.96363828553474,5,0.4011031273641029,18,10100001,-5,0
SA21,D03,R01,0,2.7391726883498166,20,10.29934581722794,9,87.38331081365959,13,78.49984212003416,4,0.3728651966925443,16,10100001,-5,0
SA21,D03,R01,0,2.7391726883498166,20,10.29934581722794,9,87.38331081365959,13,78.49984212003416,4,0.3728651966925443,16,10100001,-5,0
SA21,D03,R01,0,2.392028795356046,18,7.447918098359858,7,122.6736493738492,18,52.460611044468,3,0.3910982860280606,17,10100001,-5,0
SA21,D03,R01,0,2.3085970547776684,17,17.165026379497306,15,90.72341672252163,13,43.82701261378506,2,0.2820286077457269,12,10100001,-5,0
SA21,D03,R01,0,2.710774265618704,20,15.182530403188174,14,90.40497592564932,13,59.88205199670658,3,0.3666624849219548,16,10100001,-5,0
SA21,D03,R01,0,2.710774265618704,20,15.182530403188174,14,90.40497592564932,13,59.88205199670658,3,0.3666624849219548,16,10100001,-5,0
SA21,D03,R01,0,2.60596650043073,19,11.893545108865576,11,79.48757692505183,11,51.01955163856404,3,0.386356830040781,17,10100001,-5,0
SA21,D03,R01,0,2.60596650043073,19,11.893545108865576,11,79.48757692505183,11,51.01955163856404,3,0.386356830040781,17,10100001,-5,0
SA21,D03,R01,0,2.6344724227611613,19,15.512803950484331,14,93.94662820445906,13,51.26140522391714,3,0.4128017017281777,18,10100001,-5,0
SA21,D03,R01,0,2.975670387965122,22,21.34168582722872,19,142.27956055246213,20,66.01296346082268,3,0.3469208382974461,15,10100001,-5,0
SA21,D03,R01,0,2.975670387965122,22,21.34168582722872,19,142.27956055246213,20,66.01296346082268,3,0.3469208382974461,15,10100001,-5,0
SA21,D03,R01,0,2.5396603863370566,19,24.531611461604168,22,124.22867561367812,18,51.71011786711253,3,0.3376614764921233,15,10100001,-5,0
SA21,D03,R01,0,2.5396603863370566,19,24.531611461604168,22,124.22867561367812,18,51.71011786711253,3,0.3376614764921233,15,10100001,-5,0
SA21,D03,R01,0,2.909970107301899,22,8.573283569364614,8,73.01820202456702,10,52.53842623851197,3,0.3792391742366171,17,10100001,-5,0
SA21,D03,R01,0,2.909970107301899,22,8.573283569364614,8,73.01820202456702,10,52.53842623851197,3,0.3792391742366171,17,10100001,-5,0
SA21,D03,R01,0,2.3138226000309667,17,17.157123279288175,15,110.29176019972776,16,66.21072239876717,3,0.4437480885705457,20,10100001,-5,0
SA21,D03,R01,0,2.421484343492902,18,21.065442272947827,19,95.85838957810915,14,48.207673088674326,3,0.361034653045079,16,10100001,-5,0
SA21,D03,R01,0,3.0171071891823176,22,16.936997673586447,15,106.10643743572722,15,86.21963306732985,4,0.3660205486287194,16,10100001,-5,0
SA21,D03,R01,0,3.0171071891823176,22,16.936997673586447,15,106.10643743572722,15,86.21963306732985,4,0.3660205486287194,16,10100001,-5,0
SA21,D03,R01,0,2.550604774714592,19,16.609262448961868,15,92.54793568199273,13,57.80783517288812,3,0.3875161864460975,17,10100001,-5,0
SA21,D03,R01,0,2.399232614539881,18,13.492064948943458,12,121.56136271967073,17,60.54344346373921,3,0.3095751722693144,14,10100001,-5,0
SA21,D03,R01,0,2.399232614539881,18,13.492064948943458,12,121.56136271967073,17,60.54344346373921,3,0.3095751722693144,14,10100001,-5,0
SA21,D03,R01,0,2.444304529674865,18,20.70529135560728,19,90.51548654870656,13,49.551972396008416,3,0.46591234567037,20,10100001,-5,0
SA21,D03,R01,0,2.869958853077754,21,16.699877074151058,15,118.88672398917667,17,82.68223519127966,4,0.5054910987623138,22,10100001,-5,0
SA21,D03,R01,0,2.869958853077754,21,16.699877074151058,15,118.88672398917667,17,82.68223519127966,4,0.5054910987623138,22,10100001,-5,0
SA21,D03,R01,0,2.563300775222801,19,19.757114750796624,18,111.80669417535354,16,54.20722687332638,3,0.496096061092264,22,10100001,-5,0
SA21,D03,R01,0,3.0478413932163737,23,13.366094415102197,12,102.6082668195226,15,91.1296633439308,5,0.4758488765619565,21,10100001,-5,0
SA21,D03,R01,0,3.0478413932163737,23,13.366094415102197,12,102.6082668195226,15,91.1296633439308,5,0.4758488765619565,21,10100001,-5,0
SA21,D03,R01,0,2.693177369892879,20,31.13183091664296,28,110.01300358314062,16,77.0810135326577,4,0.345568001859574,15,10100001,-5,0
SA21,D03,R01,0,2.693177369892879,20,31.13183091664296,28,110.01300358314062,16,77.0810135326577,4,0.345568001859574,15,10100001,-5,0
SA21,D03,R01,0,2.7109600143157317,20,23.51348909834183,21,95.430452809835,14,55.519414159864766,3,0.4953869449347715,22,10100001,-5,0
SA21,D03,R01,0,2.7213893662994666,20,16.828067324791256,15,105.33101306821408,15,67.21005660313759,4,0.4807827804382488,21,10100001,-5,0
SA21,D03,R01,0,2.7213893662994666,20,16.828067324791256,15,105.33101306821408,15,67.21005660313759,4,0.4807827804382488,21,10100001,-5,0
SA21,D03,R01,0,2.940145397094281,22,18.75210254606979,17,97.63738449977714,14,81.5408993118516,4,0.4210902904414155,19,10100001,-5,0
SA21,D03,R01,0,2.940145397094281,22,18.75210254606979,17,97.63738449977714,14,81.5408993118516,4,0.4210902904414155,19,10100001,-5,0
SA21,D04,R01,0,4.511826973810228,33,26.606435384854613,24,169.95249943619402,24,166.29487232548712,9,0.6047489567365313,27,10100001,-5,0
SA21,D04,R01,0,4.511826973810228,33,26.606435384854613,24,169.95249943619402,24,166.29487232548712,9,0.6047489567365313,27,10100001,-5,0
SA21,D04,R01,0,4.48563210548326,33,38.09664057327262,34,231.30409342639624,33,161.16065704369032,8,0.7244464515165112,32,10100001,-5,0
SA21,D04,R01,0,4.48563210548326,33,38.09664057327262,34,231.30409342639624,33,161.16065704369032,8,0.7244464515165112,32,10100001,-5,0
SA21,D04,R01,0,4.22101718593805,31,22.25782440246068,20,190.4971858978175,27,206.85845736608127,11,0.8805655119448619,39,10100001,-5,0
SA21,D04,R01,0,4.2719232920642725,32,30.73174862878986,28,175.26288425206727,25,154.00466966770327,8,0.6082830979856141,27,10100001,-5,0
SA21,D04,R01,0,4.2719232920642725,32,30.73174862878986,28,175.26288425206727,25,154.00466966770327,8,0.6082830979856141,27,10100001,-5,0
SA21,D04,R01,0,3.3678331928762537,25,20.866244227101244,19,143.60493150497513,21,115.4169849870808,6,0.55611184337788,24,10100001,-5,0
SA21,D04,R01,0,3.479278258096875,26,19.85997668343604,18,186.0737197435242,27,112.91400581983098,6,0.5888510883919379,26,10100001,-5,0
SA21,D04,R01,0,4.287813598908467,32,26.263724906175685,24,190.4556452347889,27,163.48707138722426,9,0.6253846636739372,28,10100001,-5,0
SA21,D04,R01,0,4.287813598908467,32,26.263724906175685,24,190.4556452347889,27,163.48707138722426,9,0.6253846636739372,28,10100001,-5,0
SA21,D04,R01,0,3.949858148659424,29,18.907769610568412,17,171.6106831614401,25,152.8454799502292,8,0.5384564368680291,24,10100001,-5,0
SA21,D04,R01,0,3.949858148659424,29,18.907769610568412,17,171.6106831614401,25,152.8454799502292,8,0.5384564368680291,24,10100001,-5,0
SA21,D04,R01,0,2.895798790448954,21,12.31200814113414,11,146.80480243336703,21,163.87607925501598,9,0.6523573018876365,29,10100001,-5,0
SA21,D04,R01,0,3.161083184513508,23,18.029304424929816,16,145.36674112704597,21,138.99758073510782,7,0.5900906755826544,26,10100001,-5,0
SA21,D04,R01,0,4.090403346386859,30,29.086700100414724,26,188.971546458362,27,146.52386180357172,8,0.6473043902403339,28,10100001,-5,0
SA21,D04,R01,0,4.090403346386859,30,29.086700100414724,26,188.971546458362,27,146.52386180357172,8,0.6473043902403339,28,10100001,-5,0
SA21,D04,R01,0,3.384963411164421,25,25.450594048791324,23,152.8240969612341,22,154.92603330262736,8,0.608525130686164,27,10100001,-5,0
SA21,D04,R01,0,3.291112410483346,24,23.28568509036897,21,119.63991386996356,17,139.9019857433389,7,0.4687842153582147,21,10100001,-5,0
SA21,D04,R01,0,3.291112410483346,24,23.28568509036897,21,119.63991386996356,17,139.9019857433389,7,0.4687842153582147,21,10100001,-5,0
SA21,D04,R01,0,3.1343244675949014,23,17.26996923532419,15,137.0683016212355,20,89.25525083911099,5,0.6021717104444998,26,10100001,-5,0
SA21,D04,R01,0,3.468521248087937,26,18.820683406023218,17,119.36973992088096,17,109.73036853367684,6,0.5451349005310467,24,10100001,-5,0
SA21,D04,R01,0,3.468521248087937,26,18.820683406023218,17,119.36973992088096,17,109.73036853367684,6,0.5451349005310467,24,10100001,-5,0
SA21,D04,R01,0,3.2159850457446355,24,33.609278050473385,30,154.44013729105288,22,75.2287426267368,4,0.4676540521943272,21,10100001,-5,0
SA21,D04,R01,0,3.2159850457446355,24,33.609278050473385,30,154.44013729105288,22,75.2287426267368,4,0.4676540521943272,21,10100001,-5,0
SA21,D04,R01,0,2.895345596478402,21,24.46370425059314,22,172.98243035212397,25,75.62290229486868,4,0.4370460584367103,19,10100001,-5,0
SA21,D04,R01,0,2.836860107328997,21,20.41994653042497,18,125.58161014677438,18,76.8981697822932,4,0.5051749912691331,22,10100001,-5,0
SA21,D04,R01,0,3.0019626555232577,22,19.87686346889245,18,130.4344708987067,19,57.02547783755341,3,0.5862995398457697,26,10100001,-5,0
SA21,D04,R01,0,3.0339519610490084,22,15.944206656940024,14,145.2205946706428,21,118.96255122163888,6,0.6072124978931036,27,10100001,-5,0
SA21,D04,R01,0,3.77698825240284,28,26.49080420596696,24,167.44624419338692,24,126.41948779428856,7,0.4706893843050301,21,10100001,-5,0
SA21,D04,R01,0,3.77698825240284,28,26.49080420596696,24,167.44624419338692,24,126.41948779428856,7,0.4706893843050301,21,10100001,-5,0
SA21,D04,R01,0,3.1677399539759614,23,26.84212934007177,24,145.82899348295567,21,81.72997080182594,4,0.5285313646266623,23,10100001,-5,0
SA21,D04,R01,0,3.1677399539759614,23,26.84212934007177,24,145.82899348295567,21,81.72997080182594,4,0.5285313646266623,23,10100001,-5,0
SA21,D04,R01,0,2.9990970524280827,22,14.52350936071159,13,145.82899348295567,21,131.38359986600645,7,0.5125362998307925,23,10100001,-5,0
SA21,D04,R01,0,3.86904350979206,29,29.05801522445848,26,168.2353011706589,24,133.76845346261743,7,0.6130073828917549,27,10100001,-5,0
SA21,D04,R01,0,3.86904350979206,29,29.05801522445848,26,168.2353011706589,24,133.76845346261743,7,0.6130073828917549,27,10100001,-5,0
SA21,D04,R01,0,3.70426826695296,27,27.70602003887508,25,126.96945378857,18,145.39208478325975,8,0.4973849734870887,22,10100001,-5,0
SA21,D04,R01,0,3.100305259195506,23,23.36685958734653,21,212.0983359764377,30,77.30507189612665,4,0.5931547734079914,26,10100001,-5,0
SA21,D04,R01,0,3.4154119901558,25,7.510561792378518,7,162.28818798091245,23,213.2917317362485,11,0.5744103736717142,25,10100001,-5,0
SA21,D04,R01,0,3.4154119901558,25,7.510561792378518,7,162.28818798091245,23,213.2917317362485,11,0.5744103736717142,25,10100001,-5,0
SA21,D04,R01,0,2.9127871916143846,22,19.313286803579327,17,158.37110619925647,23,53.15574258548526,3,0.5064333193040735,22,10100001,-5,0
SA21,D04,R01,0,3.025856489511224,22,26.676056268997883,24,175.16921836765096,25,78.68003002156065,4,0.4863703565890593,21,10100001,-5,0
SA21,D04,R01,0,3.191652472906864,24,21.031607653551,19,122.02870995177344,17,63.22687744359716,3,0.5642456922316471,25,10100001,-5,0
SA21,D04,R01,0,3.191652472906864,24,21.031607653551,19,122.02870995177344,17,63.22687744359716,3,0.5642456922316471,25,10100001,-5,0
SA21,D04,R01,0,3.131930790824667,23,19.08908597732196,17,134.99318136549965,19,64.40726886708346,3,0.576565137391492,25,10100001,-5,0
SA21,D04,R01,0,3.036254527001051,22,19.181966476952702,17,132.21964627861274,19,75.27315218278679,4,0.5419273840586866,24,10100001,-5,0
SA21,D04,R01,0,3.105991996013009,23,13.20215572977991,12,178.46509564759117,26,143.8562067675988,8,0.5132117120028051,23,10100001,-5,0
SA21,D04,R01,0,3.105991996013009,23,13.20215572977991,12,178.46509564759117,26,143.8562067675988,8,0.5132117120028051,23,10100001,-5,0
SA21,D05,R01,0,2.331118304339813,17,6.9307431205968575,6,69.19551114823373,10,49.756798372507575,3,0.0497352547446592,2,10100001,-5,0
SA21,D05,R02,0,1.862343350165659,14,7.375283357954586,7,38.52154962806569,6,28.30344250262895,1,0.0458465634028517,2,10100001,-5,0
SA21,D05,R03,0,2.007831499180537,15,8.65900218959791,8,78.25597275007796,11,36.82689672765713,2,0.0105623086950616,0,10100001,-5,0
SA21,D05,R04,0,1.6733027271242829,12,15.869280253742245,14,79.85805883425765,11,35.04910037496174,2,0.0042274920831143,0,10100001,-5,0
SA21,D05,R05,0,1.9327610264972943,14,5.738048253925066,5,41.00972087690704,6,35.70264398912633,2,0.0468173297705374,2,10100001,-5,0
SA21,D06,R01,0,3.8779010372981575,29,11.210534075085238,10,141.9586021235864,20,104.56892546723851,5,0.0646608604276674,3,10100101,-3,0
SA21,D06,R02,0,3.191721794376088,24,5.857304971401392,5,116.40127606614168,17,71.4151851360239,4,0.0579448135304452,3,10100001,-5,0
SA21,D06,R03,0,4.156494133454937,31,13.554494475366225,12,195.0729044932592,28,191.5655937624452,10,0.9755533237200226,43,10100001,-5,0
SA21,D06,R04,0,3.8698992228631983,29,6.995020614005377,6,141.4735544322976,20,102.04386822957142,5,0.4166031221418814,18,10100001,-5,0
SA21,D06,R05,0,3.758912748232941,28,15.781120248253638,14,164.77243905879317,24,96.90646471770962,5,0.0514952230916926,2,10100101,-3,0
SA21,D07,R01,0,1.251817526295516,9,11.42224948162904,10,69.16212404991077,10,6.306166762729237,0,0.0020972945694715,0,10100001,-5,0
SA21,D07,R02,0,1.2288369636380267,9,2.6464474727359995,2,39.474649506402656,6,7.67078200637501,0,6.5354717765594e-05,0,10100001,-5,0
SA21,D07,R03,0,1.3463138694807577,10,2.624367191203913,2,55.392119706274784,8,9.30110922099634,0,7.453282465811229e-05,0,10100001,-5,0
SA21,D07,R04,0,1.2452730447796128,9,1.587307339370536,1,42.3428289728538,6,7.045763948606609,0,0.0001313318346429,0,10100001,-5,0
SA21,D07,R05,0,1.2220258458677338,9,5.185274127048755,5,45.83618324985038,7,5.8022292585868,0,0.0001649327645389,0,10100001,-5,0
SA21,D08,R01,0,5.818547865883559,43,5.0821730675759405,5,270.8310079780423,39,364.0721231237529,19,0.000388287855975,0,10110100,1,1
SA21,D08,R02,0,3.5086432409947474,26,9.548202849351034,9,218.01699716249232,31,137.4334441281075,7,0.0001284356379166,0,10100101,-3,0
SA21,D08,R03,0,2.5781309185538124,19,9.527353858651027,9,127.02964530672634,18,56.64554502370835,3,0.0001827875233787,0,10100001,-5,0
SA21,D08,R04,0,2.4660939281980547,18,7.640344174500491,7,168.0448492789087,24,83.52666171199337,4,9.46900491497972e-05,0,10100001,-5,0
SA21,D08,R05,0,2.7013858205673804,20,3.9787058685131127,4,163.01129397512233,23,83.76854095725585,4,0.0001305609173879,0,10100001,-5,0
SA21,D09,R01,0,1.678783368583574,12,9.546125778753634,9,66.94869473020391,10,36.56266120642786,2,0.0001233872803554,0,10100001,-5,0
SA21,D09,R02,0,2.328757385799144,17,6.319256694607502,6,73.05247851415868,10,74.84567293186872,4,7.310806053814465e-05,0,10100001,-5,0
SA21,D09,R03,0,1.2491513232272191,9,1.7920744391136707,2,85.0492216042652,12,9.21794760956347,0,0.0015470344363751,0,10100001,-5,0
SA21,D09,R04,0,1.292425773451927,10,9.18073177037225,8,46.7292187676697,7,13.79991181085556,1,0.0003314189711931,0,10100001,-5,0
SA21,D09,R05,0,1.2401590159191784,9,3.6419870348026144,3,79.93867408600069,11,9.257646453311574,0,0.0017081243910427,0,10100001,-5,0
SA21,D10,R01,0,2.405859977522656,18,16.798587440028278,15,149.3280948831676,21,91.15470910316536,5,0.0057023212649207,0,10100001,-5,0
SA21,D10,R02,0,2.0368387658828384,15,11.144537251505538,10,209.2792712045861,30,96.39865869282347,5,0.0437491039208461,2,10100001,-5,0
SA21,D10,R03,0,2.3024684762194627,17,1.7042238318542566,2,108.97161826124022,16,75.37113971835603,4,8.398573045538062e-05,0,10100001,-5,0
SA21,D10,R04,0,2.2954728394473816,17,7.29487255700923,7,118.24236395639664,17,67.33287380307009,4,0.0144896776130008,1,10100001,-5,0
SA21,D10,R05,0,2.1413555151779007,16,9.929611537747167,9,158.236194027201,23,57.95761257020607,3,0.0005221570012983,0,10100001,-5,0
SA21,D11,R01,0,5.743816201842367,42,31.136005770737736,28,282.30288572410734,40,335.85754905784984,18,0.0001533629365094,0,10110100,1,1
SA21,D11,R02,0,4.74535584541448,35,42.0106427499247,38,317.7628457356346,46,288.0604582981136,15,0.0001469447349509,0,10010110,5,1
SA21,D11,R03,0,4.291057852119262,32,35.459112184491595,32,203.95050664723303,29,156.48876859309925,8,0.000114522588009,0,10100100,-1,0
SA21,D11,R04,0,5.183035894529805,38,43.90851062258293,39,309.2162878720114,44,260.91768494196367,14,0.000485377137945,0,10010110,5,1
SA21,D11,R05,0,3.690091531750305,27,20.565633271009307,18,229.70527333632236,33,111.9532095807129,6,0.0003609763448027,0,10110101,-1,0
SA21,D12,R01,0,1.4738990942527452,11,12.252985730707312,11,40.01989138261048,6,67.79610479750846,4,0.0001125004726945,0,10100001,-5,0
SA21,D12,R02,0,1.2161304982080974,9,91.92931287649812,82,54.83233482481711,8,10.782685639664091,1,0.0004235002419904,0,10000001,-3,0
SA21,D12,R03,0,1.206171315843675,9,87.65881258355365,79,55.30559830791933,8,7.002584477543294,0,0.0001397171590764,0,10000001,-3,0
SA21,D12,R04,0,1.157997254574277,9,61.693670845479055,55,88.7259944162995,13,13.102660332461191,1,0.0004919999590451,0,10100001,-5,0
SA21,D12,R05,0,1.1686022007148646,9,88.07030137157936,79,61.88091991503352,9,7.50067198166664,0,0.0005625020130025,0,10000001,-3,0
SA21,D13,R01,0,2.0698333761629524,15,103.85731492889764,93,143.50446484262295,21,64.23055715648363,3,0.0010248374745532,0,10000001,-3,0
SA21,D13,R02,0,1.3921219558785296,10,12.63675087544324,11,157.66288208409733,23,21.49920231174616,1,0.01152788533905,1,10100001,-5,0
SA21,D13,R03,0,1.5013879077087515,11,104.3713377591772,94,144.1843922647637,21,20.59766012986821,1,0.0019077328386606,0,10000001,-3,0
SA21,D13,R04,0,2.3248653249805407,17,78.943501631989,71,158.9723535627588,23,141.35842425543794,7,0.0046544796955133,0,10000001,-3,0
SA21,D13,R05,0,2.10919414733966,16,120.45028469960798,108,188.943561075014,27,56.70669662549037,3,0.0007990095730425,0,10010010,3,1
SA21,D14,R01,0,2.0179477290329837,15,47.27564433887584,42,129.7857595965022,19,57.67036440233903,3,0.0023068242186347,0,10100001,-5,0
SA21,D14,R02,0,1.821246910118776,13,48.06333621825997,43,123.176415692295,18,48.37665068828456,3,0.0011878313992588,0,10100001,-5,0
SA21,D14,R03,0,1.836199283198092,14,51.33610354202708,46,111.25043199219571,16,38.045231546255295,2,0.0010658382326389,0,10100001,-5,0
SA21,D14,R04,0,1.9887876933594024,15,19.17989390361961,17,95.92670482450774,14,74.81476393391193,4,0.006875973554772,0,10100001,-5,0
SA21,D14,R05,0,3.372976190812657,25,93.77998957360874,84,257.89679247470826,37,122.65010077453624,6,0.0004593532469785,0,10010110,5,1
SA21,D15,R01,0,1.1800819394385555,9,28.787129887900647,26,43.97810666017429,6,7.487929234447233,0,0.0002721030508985,0,10100001,-5,0
SA21,D15,R02,0,1.2205640545780976,9,21.44674473432957,19,20.72006468248213,3,7.203567349149687,0,0.0024401972793979,0,10100001,-5,0
SA21,D15,R03,0,1.2173657503467017,9,24.93603324982961,22,14.9173218336377,2,7.188630705755905,0,0.0027956279161915,0,10100001,-5,0
SA21,D15,R04,0,1.1652547376070286,9,21.471207826691916,19,45.17401547079522,6,9.229279820790914,0,0.0005006895874183,0,10100001,-5,0
SA21,D15,R05,0,1.2255917735169817,9,16.86982981718309,15,21.18447537621379,3,6.110570969150553,0,0.0012364559508676,0,10100001,-5,0
SA21,D16,R01,0,1.119288889066402,8,45.19298030687922,40,70.41777570874405,10,6.808306758797755,0,0.0001538598250321,0,10100001,-5,0
SA21,D16,R02,0,1.114794749711522,8,27.31381852710569,24,79.41651925463236,11,9.4597229902182,0,0.0003404113651065,0,10100001,-5,0
SA21,D16,R03,0,1.149592849970425,8,50.19080140690023,45,60.72571705944089,9,8.493257080601158,0,0.0002130898659939,0,10100001,-5,0
SA21,D16,R04,0,1.176416979297599,9,57.03291019858638,51,82.41294432794696,12,12.452813676553331,1,0.0002781064791736,0,10100001,-5,0
SA21,D16,R05,0,1.1002249747743356,8,20.149296356597148,18,55.0262653426321,8,11.017372292366144,1,0.0002182253535129,0,10100001,-5,0
SA21,D17,R01,0,1.5203193248819062,11,12.702794617121532,11,103.81348061026674,15,11.37569602497286,1,0.0080209059739953,0,10100001,-5,0
SA21,D17,R02,0,1.534017747361076,11,6.912465547241015,6,48.43061767413448,7,29.942500112659907,2,0.0128273769762494,1,10100001,-5,0
SA21,D17,R03,0,1.3759928499967533,10,33.40906249859266,30,92.92545913498708,13,16.649625167387416,1,0.0044556369111368,0,10100001,-5,0
SA21,D17,R04,0,1.5227512476779284,11,17.051305389465192,15,143.72659627469568,21,26.957884529942856,1,0.0030381225967852,0,10100001,-5,0
SA21,D17,R05,0,1.5273637306877208,11,13.25522809087052,12,69.53589391737653,10,70.0726441668515,4,0.0045772700261483,0,10100001,-5,0
SA21,D18,R01,0,4.740805309791952,35,66.16899957939614,59,249.5898070448423,36,295.6155544033878,15,0.2039480054795277,9,10000100,1,1
SA21,D18,R02,0,5.121971165776597,38,44.50888310160372,40,231.3315598897286,33,352.09238988546394,18,0.0171106812828346,1,10000100,1,1
SA21,D18,R03,0,4.92780365897092,36,50.75675864723549,45,252.23148110154605,36,289.5877520035911,15,0.036802386386962,2,10000100,1,1
SA21,D18,R04,0,4.7410450899481935,35,40.2716491072056,36,265.4916624988932,38,260.8012029681213,14,0.0142038454614018,1,10010100,3,1
SA21,D18,R05,0,4.441069550781975,33,33.28174759446171,30,236.727754969272,34,207.26371655297623,11,0.0319319744046456,1,10100100,-1,0
SA21,D19,R01,0,8.741961465185549,65,25.79278017995596,23,196.89920594499424,28,661.0696747324337,34,0.0003139719032371,0,10000100,1,1
SA21,D19,R02,0,4.953704126238516,37,13.835324914259704,12,106.280575588322,15,113.42360349607983,6,0.0002418845513388,0,10100100,-1,0
SA21,D19,R03,0,5.851289994906439,43,8.646754682158836,8,121.84434957716304,17,228.31183637846271,12,0.0005198501071214,0,10100100,-1,0
SA21,D19,R04,0,5.349724536114424,40,8.572256316166596,8,94.54481642295578,14,174.18008923055712,9,0.000249406609737,0,10100100,-1,0
SA21,D19,R05,0,4.647158765818806,34,8.939140841591838,8,83.34385785559651,12,80.63193079113572,4,0.4991055837942288,22,10100001,-5,0
SA21,F01,R01,1,24.38338259806929,127,110.4733469786408,99,1277.7774392442266,127,4623.921919862809,127,0.0010549775422588,0,10010110,5,1
SA21,F01,R02,1,17.81369496402934,127,112.33277855424896,101,682.6913299461846,98,3333.6901357769584,127,0.0019707500869692,0,10010110,5,1
SA21,F01,R03,1,15.173516260350633,112,112.80178446057516,101,668.0429540096843,96,2695.2530489037595,127,0.0009508669431318,0,10010110,5,1
SA21,F01,R04,1,4.368485314205564,32,129.44342521165376,116,307.962193857177,44,385.45657519409417,20,0.0018281301690957,0,10010110,5,1
SA21,F01,R05,1,7.365862859770423,54,107.28281853044096,96,344.28062449087935,49,767.4321922780981,40,0.0029815842451564,0,10010110,5,1
SA21,F02,R01,1,8.015535528862255,59,88.66260329634993,79,241.89862589321652,35,461.9165513825305,24,0.0857272415664841,4,10000110,3,1
SA21,F02,R02,1,16.43269260439289,121,89.10385679507323,80,324.68473314863195,47,988.548344320947,52,0.0319597249010159,1,10010110,5,1
SA21,F02,R03,1,11.087016552488604,82,86.29466981119685,77,218.2651067210529,31,556.5301197154216,29,0.0996913999508534,4,10000110,3,1
SA21,F02,R04,1,13.231781724598614,98,69.06800634631011,62,388.81186738918575,56,1195.7461217614652,62,0.033537385708158,1,10010110,5,1
SA21,F02,R05,1,19.63484596077393,127,61.98346726629009,56,558.2937588799722,80,1940.1082071212447,101,0.0045900700285624,0,10010110,5,1
SA21,F03,R01,1,14.268337831630532,105,60.50123009873023,54,414.4745072467778,59,1017.8076942970448,53,0.086001702316707,4,10010110,5,1
SA21,F03,R02,1,7.282974497366915,54,80.84083105218198,72,367.2501226552209,53,361.2100740870927,19,0.0242359292191399,1,10010110,5,1
SA21,F03,R03,1,8.285078898153765,61,62.04262539881242,56,458.4904224504064,66,463.7376827068719,24,0.0591402256858609,3,10010110,5,1
SA21,F03,R04,1,19.96018222641564,127,60.02189060461213,54,495.4939242210848,71,1743.3952268799871,91,0.057328614818247,3,10010110,5,1
SA21,F03,R05,1,5.632953361622902,42,133.1544821244104,119,328.3472784202585,47,604.0669830440129,32,0.0008312083942026,0,10010110,5,1
SA21,F04,R01,1,18.29360226388074,127,55.77871289687767,50,703.9727134107015,101,3171.528789986028,127,0.0039465579196127,0,10010110,5,1
SA21,F04,R02,1,7.792453773711442,58,127.62742505501409,114,442.6909714454562,63,920.0823371778052,48,0.0040416991183955,0,10010110,5,1
SA21,F04,R03,1,10.65577889125412,79,115.31652265477122,103,465.1876627919083,67,1418.1338511302847,74,0.0025305748453563,0,10010110,5,1
SA21,F04,R04,1,13.969085347974088,103,115.2198877056808,103,340.78254599764244,49,1359.5918791585595,71,0.0004294554832981,0,10010110,5,1
SA21,F04,R05,1,11.327412423708994,84,116.8519523289894,105,391.0817099031264,56,1825.0951097648788,95,0.0009282487569591,0,10010110,5,1
SA21,F05,R01,1,17.400864046939684,127,100.33303246264552,90,641.4387494912941,92,1701.4789821491856,89,0.0021807534216026,0,10010110,5,1
SA21,F05,R02,1,12.222279850987675,90,97.33044035284016,87,313.2422572767468,45,1100.6377039685462,57,0.0003668459403209,0,10010110,5,1
SA21,F05,R03,1,7.133668144188252,53,112.64347848481142,101,427.9886561148248,61,939.1096962734508,49,0.000550472674984,0,10010110,5,1
SA21,F05,R04,1,8.372129033624844,62,142.9635268734473,127,284.9960987865569,41,560.0552132240599,29,0.0006033047395379,0,10010110,5,1
SA21,F05,R05,1,6.484397355006646,48,130.59120630406667,117,212.36365831984213,30,624.7361720793002,33,0.0035029021471431,0,10010110,5,1
SA21,F06,R01,1,6.346680213422236,47,72.1326335871784,65,356.4044981281685,51,314.47913653232445,16,0.0073594939860898,0,10010110,5,1
SA21,F06,R02,1,11.142754606676457,82,72.35981277323484,65,469.9584761180887,67,703.874141743445,37,0.0139579377931842,1,10010110,5,1
SA21,F06,R03,1,8.062205701084633,60,61.00812474095787,55,445.5761714469366,64,429.5633739180864,22,0.1046507432250136,5,10010110,5,1
SA21,F06,R04,1,18.62295664388865,127,65.9506194446117,59,760.8987404745197,109,1549.925311814286,81,0.0267557198663205,1,10010110,5,1
SA21,F06,R05,1,9.826406938216516,73,69.53587057533369,62,476.8164341199621,68,631.527690073452,33,0.0144127579973908,1,10010110,5,1
SA21,F07,R01,1,2.641517623724156,20,89.00735653544636,80,262.43357754660684,38,104.06429047701988,5,0.0027108958033427,0,10010110,5,1
SA21,F07,R02,1,7.275893701147003,54,82.98325553421223,74,268.78524593509275,38,618.8171317633033,32,0.0265638445603393,1,10010110,5,1
SA21,F07,R03,1,4.686292162095277,35,83.72489052757416,75,286.97453141435494,41,247.53079030877825,13,0.0167186496971988,1,10010110,5,1
SA21,F07,R04,1,7.375590672519367,55,76.69377324561088,69,312.9234187243845,45,551.276870277611,29,0.0348196451960872,2,10010110,5,1
SA21,F07,R05,1,10.447483792882336,77,83.55135382338044,75,385.6637850891494,55,927.189355285852,48,0.0367316291416757,2,10010110,5,1
SA21,F08,R01,1,3.083241504298378,23,96.89402124471358,87,510.7116908930218,73,113.86649716106012,6,0.0032232139999391,0,10010110,5,1
SA21,F08,R02,1,9.296449898369303,69,164.27010749112182,127,502.0721643209382,72,996.7531824515625,52,0.0002623910478088,0,10010110,5,1
SA21,F08,R03,1,3.0553567840965807,23,101.88148006162444,91,423.6698734152458,61,96.8382110172295,5,0.0088572719271161,0,10010110,5,1
SA21,F08,R04,1,8.54952666104561,63,138.05341882268758,124,409.3046703058657,59,636.4975539579679,33,0.0019041758804832,0,10010110,5,1
SA21,F08,R05,1,5.770345765964901,43,124.70312738032426,112,559.7481237046117,80,193.43508691093064,10,0.0337710159871946,1,10010110,5,1
SA21,F09,R01,1,8.733678800238888,65,78.53269744580749,70,371.70706310877614,53,443.0230851573082,23,0.0095920807552955,0,10010110,5,1
SA21,F09,R02,1,13.894764612708562,103,74.99372440408813,67,418.9828931407768,60,709.0694174599953,37,0.0523327150566838,2,10010110,5,1
SA21,F09,R03,1,12.531705396182865,93,62.58584966646545,56,444.8825408522064,64,676.8355574899008,35,0.0404685895837964,2,10010110,5,1
SA21,F09,R04,1,9.396356696349873,69,75.74535322249005,68,407.9919478718133,58,498.09571045741416,26,0.036346489950929,2,10010110,5,1
SA21,F09,R05,1,9.690481994420075,72,72.01421462326739,65,368.10282999905326,53,715.441751325729,37,0.0055030458427646,0,10010110,5,1
SA21,F10,R01,1,3.303687699676255,24,142.12422930997494,127,442.2108482289447,63,155.52321218920167,8,0.0043626389309048,0,10010110,5,1
SA21,F10,R02,1,10.368566517646467,77,150.19575127335978,127,325.27437480463,47,903.2853533717846,47,0.0004726263748145,0,10010110,5,1
SA21,F10,R03,1,8.289974583125522,61,139.0517045947098,125,348.58552628088097,50,895.6762337330453,47,0.002735509647245,0,10010110,5,1
SA21,F10,R04,1,8.167155140910642,60,136.09508536851268,122,427.57057729033033,61,650.5213134648492,34,0.0005743467838631,0,10010110,5,1
SA21,F10,R05,1,5.092368845535875,38,123.70108124490164,111,449.8951380794152,64,195.3664870033548,10,0.015663987860454,1,10010110,5,1
SA21,F11,R01,1,3.470907004598411,26,27.627460862837317,25,365.4743314107276,52,160.32677659410666,8,0.0017658792602072,0,10110111,1,1
SA21,F11,R02,1,5.23193010765312,39,36.1699779611201,32,431.4051110744122,62,251.1707964122281,13,0.0078148057194225,0,10010110,5,1
SA21,F11,R03,1,4.08906018640076,30,9.679738275796598,9,466.2491965286961,67,166.99291102514908,9,0.0012513219532906,0,10110111,1,1
SA21,F11,R04,1,6.208785004368306,46,18.346348356002512,16,522.1813915746926,75,269.23959710947696,14,0.1286618242850331,6,10110110,3,1
SA21,F11,R05,1,6.794681309067915,50,25.12359925702484,23,472.52097440265936,68,271.6214517428057,14,0.0738734889230875,3,10010110,5,1
SA21,F12,R01,1,4.677988396677906,35,69.20027815842133,62,301.8072945723942,43,186.97488376717163,10,0.0614404374787419,3,10000110,3,1
SA21,F12,R02,1,9.906904614116517,73,79.68344263426418,71,421.43152911468,60,702.210024619234,37,0.0203526713012262,1,10010110,5,1
SA21,F12,R03,1,6.487013535093956,48,61.125662338517,55,380.627023295332,55,311.27770536185204,16,0.0371532947093347,2,10010110,5,1
SA21,F12,R04,1,10.893511571589372,81,63.30733303018423,57,483.6689278955377,69,869.2974958213675,45,0.034387716578732,2,10010110,5,1
SA21,F12,R05,1,12.790598539972326,95,61.11629164077398,55,625.0851424159091,90,808.5674369765163,42,0.0753330541080221,3,10010110,5,1
SA21,F13,R01,1,2.877708154701031,21,119.258722994987,107,190.2388472295744,27,63.40261330346944,3,0.000867981073355,0,10010110,5,1
SA21,F13,R02,1,2.3203716848512386,17,110.9691596505558,99,340.480104522302,49,56.60562226900681,3,0.004227166488669,0,10010110,5,1
SA21,F13,R03,1,3.887757006426151,29,84.36150184455983,76,271.595081563101,39,92.14260941452592,5,0.0002474114319629,0,10010110,5,1
SA21,F13,R04,1,4.0765794185639725,30,122.42855535062628,110,249.42365163413984,36,181.25137830956157,9,0.0004330544756653,0,10010110,5,1
SA21,F13,R05,1,2.824145810780115,21,98.45017656930484,88,305.0332369732339,44,58.8590546701643,3,0.0015768769743418,0,10010110,5,1
SA21,F14,R01,1,7.322765480821394,54,88.48853317354936,79,156.89481957683475,22,296.05067931311453,15,0.0009350988157631,0,10000110,3,1
SA21,F14,R02,1,6.416115212792561,47,116.16563361414512,104,132.4028400930107,19,252.26310704689823,13,0.0021189546071018,0,10000110,3,1
SA21,F14,R03,1,7.358630618537536,54,137.81794873360835,124,266.2290338871184,38,339.02868837094087,18,0.0035720137074571,0,10010110,5,1
SA21,F14,R04,1,5.851279563837271,43,102.44266716818788,92,128.685198165331,18,246.41242617119445,13,0.0028229624201058,0,10000110,3,1
SA21,F14,R05,1,5.99538625712058,44,123.84194921160386,111,172.04315456185208,25,221.4065679482285,12,0.0028317076082631,0,10010110,5,1
SA21,F15,R01,1,3.844188634144117,28,112.17665198455188,101,236.09743602659924,34,160.59829591362904,8,0.0075871447090095,0,10010110,5,1
SA21,F15,R02,1,3.893606491260906,29,118.0573261530968,106,278.97797231342804,40,112.69322982431883,6,0.0060013438944099,0,10010110,5,1
SA21,F15,R03,1,11.084766113677,82,96.4819952920038,86,245.54435015019632,35,672.8344897539689,35,0.0003080914577618,0,10010110,5,1
SA21,F15,R04,1,2.731499604226701,20,126.88243208284726,114,334.97182533652483,48,61.64609695539278,3,0.0049945810667789,0,10010110,5,1
SA21,F15,R05,1,3.7630976509604506,28,133.91715324103734,120,212.6064240904123,30,100.76624993599444,5,0.0007201187668032,0,10010110,5,1
SA22,D01,R01,0,1.8453093577979172,14,12.826726006898133,11,121.84196476828232,17,26.227186554136583,1,0.0882590126929893,4,10100001,-5,0
SA22,D01,R01,0,1.8453093577979172,14,12.826726006898133,11,121.84196476828232,17,26.227186554136583,1,0.0882590126929893,4,10100001,-5,0
SA22,D01,R01,0,1.8256694245279592,13,18.828703692640016,17,154.64420097928834,22,35.77720477266981,2,0.076350001603495,3,10100001,-5,0
SA22,D01,R01,0,1.929964238759523,14,13.32176629851003,12,109.48900684278352,16,30.320899574945948,2,0.1327121894953312,6,10100001,-5,0
SA22,D01,R01,0,1.929964238759523,14,13.32176629851003,12,109.48900684278352,16,30.320899574945948,2,0.1327121894953312,6,10100001,-5,0
SA22,D01,R01,0,1.8636947588853907,14,15.9895115210295,14,93.59531754723773,13,26.243592513493,1,0.1216046307719782,5,10100001,-5,0
SA22,D01,R01,0,1.8736526734750796,14,8.386799485026796,8,112.43525668647553,16,26.21581410405853,1,0.1390683480858882,6,10100001,-5,0
SA22,D01,R01,0,1.8736526734750796,14,8.386799485026796,8,112.43525668647553,16,26.21581410405853,1,0.1390683480858882,6,10100001,-5,0
SA22,D01,R01,0,1.7941938216721631,13,4.160393843124862,4,90.81149314800037,13,15.911849306603898,1,0.0952765935652496,4,10100001,-5,0
SA22,D01,R01,0,1.8262293189494645,14,13.655326127342796,12,92.60441290168652,13,23.45221691874242,1,0.1361728031945933,6,10100001,-5,0
SA22,D01,R01,0,1.8262293189494645,14,13.655326127342796,12,92.60441290168652,13,23.45221691874242,1,0.1361728031945933,6,10100001,-5,0
SA22,D01,R01,0,1.833067903666726,14,13.285691832851118,12,101.06164973885645,14,26.769196955487477,1,0.1188150539806017,5,10100001,-5,0
SA22,D01,R01,0,1.902889103042151,14,9.901108306695106,9,103.91078953399249,15,20.520008303817416,1,0.1513830657669098,7,10100001,-5,0
SA22,D01,R01,0,1.9810888760390395,15,26.336800245815887,24,109.62083980883092,16,21.21458096801381,1,0.1166475576091641,5,10100001,-5,0
SA22,D01,R01,0,1.9810888760390395,15,26.336800245815887,24,109.62083980883092,16,21.21458096801381,1,0.1166475576091641,5,10100001,-5,0
SA22,D01,R01,0,1.8676859298131137,14,18.66427058192494,17,140.84474296126697,20,31.113112871649214,2,0.1471518443660129,6,10100001,-5,0
SA22,D01,R01,0,2.0146898569572844,15,12.948741249261008,12,142.27872269746675,20,33.93335800422632,2,0.1501047785431978,7,10100001,-5,0
SA22,D01,R01,0,2.0146898569572844,15,12.948741249261008,12,142.27872269746675,20,33.93335800422632,2,0.1501047785431978,7,10100001,-5,0
SA22,D01,R01,0,2.032481597779547,15,12.408921331300412,11,141.24681167464394,20,31.971549924677987,2,0.1381345165268222,6,10100001,-5,0
SA22,D01,R01,0,2.370205507019974,18,7.595367526257131,7,123.04169780193848,18,40.99228839615656,2,0.1565868979341282,7,10100001,-5,0
SA22,D01,R01,0,2.370205507019974,18,7.595367526257131,7,123.04169780193848,18,40.99228839615656,2,0.1565868979341282,7,10100001,-5,0
SA22,D01,R01,0,1.951530599218854,14,24.13758635520644,22,123.83559412045564,18,24.635146903275466,1,0.1386865073936492,6,10100001,-5,0
SA22,D01,R01,0,1.951530599218854,14,24.13758635520644,22,123.83559412045564,18,24.635146903275466,1,0.1386865073936492,6,10100001,-5,0
SA22,D01,R01,0,1.8183667175603635,13,31.16164421538941,28,173.38718251453722,25,30.09775262980405,2,0.1448577431264206,6,10100001,-5,0
SA22,D01,R01,0,1.834981466506372,14,26.30130243876183,24,173.90318118092793,25,29.685791409545924,2,0.191609959734423,8,10100001,-5,0
SA22,D01,R01,0,2.0487564408932464,15,21.982797905093225,20,199.48214527891,29,36.67509134504914,2,0.1387939596803216,6,10100001,-5,0
SA22,D01,R01,0,2.0487564408932464,15,21.982797905093225,20,199.48214527891,29,36.67509134504914,2,0.1387939596803216,6,10100001,-5,0
SA22,D01,R01,0,1.948905598592852,14,14.129385728513784,13,122.2277579610265,18,26.90096154387982,1,0.1351830540816367,6,10100001,-5,0
SA22,D01,R01,0,1.948905598592852,14,14.129385728513784,13,122.2277579610265,18,26.90096154387982,1,0.1351830540816367,6,10100001,-5,0
SA22,D01,R01,0,1.800717698173599,13,15.585290683601762,14,215.6726884628285,31,26.630332949459262,1,0.1303921716456455,6,10100001,-5,0
SA22,D01,R01,0,1.7996666493626328,13,14.22230519040836,13,193.91133297906129,28,23.721582093883733,1,0.137417994223588,6,10100001,-5,0
SA22,D01,R01,0,1.729061751649034,13,4.04786989569058,4,148.5397212764726,21,24.72582710295019,1,0.1139416144428869,5,10100001,-5,0
SA22,D01,R01,0,1.7057972513447524,13,11.153827812838212,10,135.88011889830236,19,22.50975321175426,1,0.1354745808111908,6,10100001,-5,0
SA22,D01,R01,0,1.8473671814043051,14,11.682351052172196,10,100.97118783957652,14,26.30487347980353,1,0.1366107932902673,6,10100001,-5,0
SA22,D01,R01,0,1.8473671814043051,14,11.682351052172196,10,100.97118783957652,14,26.30487347980353,1,0.1366107932902673,6,10100001,-5,0
SA22,D01,R01,0,2.0796920489713586,15,24.76651906497496,22,186.5671815556369,27,28.47298286603732,1,0.1103731490879316,5,10100001,-5,0
SA22,D01,R01,0,2.0796920489713586,15,24.76651906497496,22,186.5671815556369,27,28.47298286603732,1,0.1103731490879316,5,10100001,-5,0
SA22,D01,R01,0,1.979281880555499,15,24.43541809922004,22,106.15331514224644,15,29.924105372928224,2,0.1178128553582373,5,10100001,-5,0
SA22,D01,R01,0,1.979281880555499,15,24.43541809922004,22,106.15331514224644,15,29.924105372928224,2,0.1178128553582373,5,10100001,-5,0
SA22,D01,R01,0,2.1239585568395336,16,9.315018372860008,8,183.4259686915376,26,36.92311660495346,2,0.166346815399507,7,10100001,-5,0
SA22,D01,R01,0,2.1239585568395336,16,9.315018372860008,8,183.4259686915376,26,36.92311660495346,2,0.166346815399507,7,10100001,-5,0
SA22,D01,R01,0,2.0434429719685108,15,14.845014490065669,13,148.06372866154985,21,28.651524157455487,1,0.1307731523180544,6,10100001,-5,0
SA22,D01,R01,0,1.7577300327877607,13,11.492418267869734,10,126.9743828215286,18,20.843085089843715,1,0.1483017380079549,7,10100001,-5,0
SA22,D01,R01,0,1.7577300327877607,13,11.492418267869734,10,126.9743828215286,18,20.843085089843715,1,0.1483017380079549,7,10100001,-5,0
SA22,D01,R01,0,1.904896740455208,14,11.660602159662048,10,119.7888142481116,17,22.08044263789395,1,0.1390886760943142,6,10100001,-5,0
SA22,D01,R01,0,1.904896740455208,14,11.660602159662048,10,119.7888142481116,17,22.08044263789395,1,0.1390886760943142,6,10100001,-5,0
SA22,D01,R01,0,1.7792743635376158,13,10.93626835238542,10,107.90100749317048,15,21.16593307781134,1,0.149433975863121,7,10100001,-5,0
SA22,D01,R01,0,1.827832842573583,14,27.756692172770556,25,165.10661847392973,24,28.78254502014745,2,0.1108497875979655,5,10100001,-5,0
SA22,D01,R01,0,1.850160993839455,14,18.183199773475,16,129.8161098747852,19,26.81491944551673,1,0.0831818804233587,4,10100001,-5,0
SA22,D02,R01,0,2.27598989560209,17,14.540087481402727,13,188.9151672991027,27,45.65959873333889,2,0.2755745417310001,12,10100001,-5,0
SA22,D02,R01,0,2.296034470993889,17,23.56671505778229,21,167.72550890818758,24,36.8026597299977,2,0.2682482656347598,12,10100001,-5,0
SA22,D02,R01,0,2.296034470993889,17,23.56671505778229,21,167.72550890818758,24,36.8026597299977,2,0.2682482656347598,12,10100001,-5,0
SA22,D02,R01,0,2.148835190465116,16,13.931550873298882,12,166.94208698619042,24,34.21024036345904,2,0.2740864634197687,12,10100001,-5,0
SA22,D02,R01,0,2.277491150890122,17,19.627358108265064,18,191.93123813378065,27,37.50053191890079,2,0.1901849774948833,8,10100001,-5,0
SA22,D02,R01,0,2.277491150890122,17,19.627358108265064,18,191.93123813378065,27,37.50053191890079,2,0.1901849774948833,8,10100001,-5,0
SA22,D02,R01,0,2.425073492765219,18,21.50340392795168,19,196.6698686711511,28,45.27195675408704,2,0.2539314885177013,11,10100001,-5,0
SA22,D02,R01,0,2.425073492765219,18,21.50340392795168,19,196.6698686711511,28,45.27195675408704,2,0.2539314885177013,11,10100001,-5,0
SA22,D02,R01,0,2.3526004768991804,17,22.098607442244592,20,208.72496610427143,30,41.63173471409629,2,0.2231299985655553,10,10100001,-5,0
SA22,D02,R01,0,2.0349650521991465,15,29.884999889251056,27,145.78580223654436,21,30.927007265195925,2,0.2158282993034771,9,10100001,-5,0
SA22,D02,R01,0,1.9702104268266785,15,32.27092132628572,29,157.0550800859958,22,30.21103649103609,2,0.1886817910436,8,10100001,-5,0
SA22,D02,R01,0,1.9592598961904757,14,27.581550897091617,25,126.10378790304384,18,28.111553294706184,1,0.2252782419108108,10,10100001,-5,0
SA22,D02,R01,0,2.111692159007573,16,26.93249831441734,24,174.0781828528653,25,34.48475155305428,2,0.2229044371523995,10,10100001,-5,0
SA22,D02,R01,0,2.111692159007573,16,26.93249831441734,24,174.0781828528653,25,34.48475155305428,2,0.2229044371523995,10,10100001,-5,0
SA22,D02,R01,0,2.082635788171296,15,23.930326457538897,21,185.6141821602194,27,34.51046397337829,2,0.198480869392898,9,10100001,-5,0
SA22,D02,R01,0,2.213696379397195,16,22.113431503548583,20,164.00693906301532,23,41.76047518866324,2,0.1745095365822924,8,10100001,-5,0
SA22,D02,R01,0,2.213696379397195,16,22.113431503548583,20,164.00693906301532,23,41.76047518866324,2,0.1745095365822924,8,10100001,-5,0
SA22,D02,R01,0,2.026538255203856,15,28.36355349209113,25,170.5338212459552,24,30.41715181192357,2,0.2223194805022518,10,10100001,-5,0
SA22,D02,R01,0,2.026538255203856,15,28.36355349209113,25,170.5338212459552,24,30.41715181192357,2,0.2223194805022518,10,10100001,-5,0
SA22,D02,R01,0,1.9690716193150997,15,23.45980066784397,21,170.67204329920563,24,29.250948304934354,2,0.1888362086488287,8,10100001,-5,0
SA22,D02,R01,0,2.4289651759899478,18,16.834100566603144,15,210.7201091807947,30,44.592705921086576,2,0.2201919539696273,10,10100001,-5,0
SA22,D02,R01,0,2.4289651759899478,18,16.834100566603144,15,210.7201091807947,30,44.592705921086576,2,0.2201919539696273,10,10100001,-5,0
SA22,D02,R01,0,2.0586308108618425,15,22.976963450987128,21,170.98047739610078,24,28.90860421811201,2,0.2697961806349698,12,10100001,-5,0
SA22,D02,R01,0,2.0586308108618425,15,22.976963450987128,21,170.98047739610078,24,28.90860421811201,2,0.2697961806349698,12,10100001,-5,0
SA22,D02,R01,0,2.1060955409796525,16,21.81027312570396,20,184.439829969668,26,38.64959314407388,2,0.220695419259637,10,10100001,-5,0
SA22,D02,R01,0,2.1060955409796525,16,21.81027312570396,20,184.439829969668,26,38.64959314407388,2,0.220695419259637,10,10100001,-5,0
SA22,D02,R01,0,2.5148181450622578,19,21.99899425219872,20,270.32379749702346,39,48.80262816158143,3,0.2806594588489337,12,10100001,-5,0
SA22,D02,R01,0,2.5148181450622578,19,21.99899425219872,20,270.32379749702346,39,48.80262816158143,3,0.2806594588489337,12,10100001,-5,0
SA22,D02,R01,0,2.126284940097252,16,11.073943201693714,10,195.91800291532476,28,43.84256860497078,2,0.2042308670492012,9,10100001,-5,0
SA22,D02,R01,0,2.0511569596320207,15,26.243715595730094,24,175.16603895086098,25,32.23120657070959,2,0.2184556305250586,10,10100001,-5,0
SA22,D02,R01,0,2.045342490469582,15,25.54691444092111,23,124.4283958334964,18,31.692150912491623,2,0.2437073484518619,11,10100001,-5,0
SA22,D02,R01,0,2.113144057469152,16,28.36576742609196,25,180.89556939494136,26,30.132725166233243,2,0.2456028584840404,11,10100001,-5,0
SA22,D02,R01,0,2.113144057469152,16,28.36576742609196,25,180.89556939494136,26,30.132725166233243,2,0.2456028584840404,11,10100001,-5,0
SA22,D02,R01,0,2.098499888545759,16,29.14416276469428,26,129.06362579261105,18,34.4821326431958,2,0.1795627689729013,8,10100001,-5,0
SA22,D02,R01,0,1.782902536617783,13,21.938167473153023,20,162.28173755842104,23,23.139513383109865,1,0.1790223426281439,8,10100001,-5,0
SA22,D02,R01,0,2.2168786122045563,16,22.13251361987687,20,213.4894776342099,31,33.031386454386706,2,0.2152006888895945,9,10100001,-5,0
SA22,D02,R01,0,2.2168786122045563,16,22.13251361987687,20,213.4894776342099,31,33.031386454386706,2,0.2152006888895945,9,10100001,-5,0
SA22,D02,R01,0,1.8681964781721132,14,13.295995553978084,12,140.5302629306798,20,33.0701475219299,2,0.2368681265800712,10,10100001,-5,0
SA22,D02,R01,0,2.3704308175397544,18,17.520160417384524,16,178.26724605072351,26,37.51683986590382,2,0.2397154338203349,11,10100001,-5,0
SA22,D02,R01,0,2.3704308175397544,18,17.520160417384524,16,178.26724605072351,26,37.51683986590382,2,0.2397154338203349,11,10100001,-5,0
SA22,D02,R01,0,2.047534632500525,15,13.037488156747436,12,174.40973983482888,25,32.73393261219408,2,0.1873575424274396,8,10100001,-5,0
SA22,D02,R01,0,1.9652941208494248,15,24.91946217087695,22,158.5581763072349,23,28.60329896290965,1,0.1882694195987782,8,10100001,-5,0
SA22,D02,R01,0,1.9652941208494248,15,24.91946217087695,22,158.5581763072349,23,28.60329896290965,1,0.1882694195987782,8,10100001,-5,0
SA22,D02,R01,0,2.305018514364364,17,12.838377273263191,12,235.83266442785893,34,46.37875593024798,2,0.1816325399855862,8,10100001,-5,0
SA22,D02,R01,0,2.305018514364364,17,12.838377273263191,12,235.83266442785893,34,46.37875593024798,2,0.1816325399855862,8,10100001,-5,0
SA22,D02,R01,0,2.117897280701206,16,13.127204562537695,12,179.70713217920786,26,38.168616178908806,2,0.172711790071812,8,10100001,-5,0
SA22,D02,R01,0,1.9382480284839387,14,29.23851920863365,26,137.4279836063606,20,28.556759514918674,1,0.1704019867926882,7,10100001,-5,0
SA22,D02,R01,0,1.883059663496901,14,21.144466102818328,19,179.79641391664862,26,24.61274590222695,1,0.2105886220006163,9,10100001,-5,0
SA22,D02,R01,0,1.997881721241353,15,21.90168672073006,20,150.23271519085756,22,23.291421259216527,1,0.1116432370532207,5,10100001,-5,0
SA22,D03,R01,0,4.830320976127971,36,2.8970943935391933,3,419.2645717137481,60,117.84584204849313,6,1.023931231086898,45,10100001,-5,0
SA22,D03,R01,0,5.953418474147464,44,11.945061303656868,11,508.95577260334943,73,179.65557226601447,9,1.37009510336078,60,10100001,-5,0
SA22,D03,R01,0,5.953418474147464,44,11.945061303656868,11,508.95577260334943,73,179.65557226601447,9,1.37009510336078,60,10100001,-5,0
SA22,D03,R01,0,6.592334758147265,49,5.545554252604972,5,495.41159535053686,71,221.3516819967629,12,1.186849471294032,52,10100001,-5,0
SA22,D03,R01,0,6.592334758147265,49,5.545554252604972,5,495.41159535053686,71,221.3516819967629,12,1.186849471294032,52,10100001,-5,0
SA22,D03,R01,0,6.074169764673862,45,6.981440424379378,6,307.1705800516259,44,191.86970677510988,10,1.0378541488110522,46,10100001,-5,0
SA22,D03,R01,0,5.707743741886707,42,19.280169745800915,17,369.0637023948185,53,151.34503405757104,8,0.9701820770410308,43,10100001,-5,0
SA22,D03,R01,0,5.707743741886707,42,19.280169745800915,17,369.0637023948185,53,151.34503405757104,8,0.9701820770410308,43,10100001,-5,0
SA22,D03,R01,0,4.587346395056971,34,18.055299030122463,16,343.6071088049272,49,124.338561181918,6,0.8919405698762872,39,10100001,-5,0
SA22,D03,R01,0,4.1390787944422565,31,19.803152944280416,18,261.7444837074541,37,91.7297662993942,5,1.3728860393688538,60,10100001,-5,0
SA22,D03,R01,0,6.166148945838531,46,6.693387875121748,6,558.5392912080566,80,209.60418502034344,11,1.232177486825572,54,10100001,-5,0
SA22,D03,R01,0,6.451280381031931,48,17.038977183180805,15,483.13064478750937,69,201.3425549839929,11,1.5483629155011085,68,10100001,-5,0
SA22,D03,R01,0,6.451280381031931,48,17.038977183180805,15,483.13064478750937,69,201.3425549839929,11,1.5483629155011085,68,10100001,-5,0
SA22,D03,R01,0,6.345324090807562,47,20.48654875203391,18,473.1892937586036,68,164.04996162908586,9,1.030676891821617,45,10100001,-5,0
SA22,D03,R01,0,6.345324090807562,47,20.48654875203391,18,473.1892937586036,68,164.04996162908586,9,1.030676891821617,45,10100001,-5,0
SA22,D03,R01,0,5.808739542975309,43,13.278523311026303,12,301.5632187138032,43,184.31700517786328,10,1.3052884197448429,57,10100001,-5,0
SA22,D03,R01,0,6.111619932011428,45,8.968506951025912,8,283.06032724235166,41,173.63840764918504,9,1.198642278969667,53,10100001,-5,0
SA22,D03,R01,0,6.111619932011428,45,8.968506951025912,8,283.06032724235166,41,173.63840764918504,9,1.198642278969667,53,10100001,-5,0
SA22,D03,R01,0,6.104602715689715,45,8.321079092903647,7,448.0018927385696,64,187.57737430375707,10,1.5069477804900495,66,10100001,-5,0
SA22,D03,R01,0,6.104602715689715,45,8.321079092903647,7,448.0018927385696,64,187.57737430375707,10,1.5069477804900495,66,10100001,-5,0
SA22,D03,R01,0,6.064257809354769,45,16.13933989528102,14,379.0402421289581,54,174.07725017747106,9,1.39144117146289,61,10100001,-5,0
SA22,D03,R01,0,6.05788474050942,45,18.305633242824523,16,454.79580713357007,65,190.14530447396055,10,1.2423011969967357,55,10100001,-5,0
SA22,D03,R01,0,6.361595272349514,47,16.473646703026557,15,387.4656179387504,55,221.84236465989127,12,1.3070644519187669,58,10100001,-5,0
SA22,D03,R01,0,6.361595272349514,47,16.473646703026557,15,387.4656179387504,55,221.84236465989127,12,1.3070644519187669,58,10100001,-5,0
SA22,D03,R01,0,6.1241603976522265,45,19.14078997558283,17,351.6407402714708,50,182.23538131019396,10,1.3036165758345686,57,10100001,-5,0
SA22,D03,R01,0,7.079657584493185,52,16.385848886871198,15,467.939060810564,67,305.79752556374285,16,1.1672264181790653,51,10100001,-5,0
SA22,D03,R01,0,7.079657584493185,52,16.385848886871198,15,467.939060810564,67,305.79752556374285,16,1.1672264181790653,51,10100001,-5,0
SA22,D03,R01,0,6.788269066840834,50,17.188742804208093,15,374.0923596417567,54,225.76818947635147,12,1.482642059852442,65,10100001,-5,0
SA22,D03,R01,0,6.819612202735807,50,16.33142671788819,15,572.9091820805949,82,303.7514556111551,16,1.503086661651348,66,10100001,-5,0
SA22,D03,R01,0,6.819612202735807,50,16.33142671788819,15,572.9091820805949,82,303.7514556111551,16,1.503086661651348,66,10100001,-5,0
SA22,D03,R01,0,6.023760478938152,45,14.97937112851943,13,411.66686757207646,59,175.6093610759814,9,1.3418988377596686,59,10100001,-5,0
SA22,D03,R01,0,6.023760478938152,45,14.97937112851943,13,411.66686757207646,59,175.6093610759814,9,1.3418988377596686,59,10100001,-5,0
SA22,D03,R01,0,5.742629925557981,42,19.87882816020956,18,454.3422635300289,65,166.6232376950352,9,1.2031894963335967,53,10100001,-5,0
SA22,D03,R01,0,5.742629925557981,42,19.87882816020956,18,454.3422635300289,65,166.6232376950352,9,1.2031894963335967,53,10100001,-5,0
SA22,D03,R01,0,5.977837639705489,44,16.186208144561224,15,292.2569911347379,42,146.32707624871682,8,1.5700327365623017,69,10100001,-5,0
SA22,D03,R01,0,5.977837639705489,44,16.186208144561224,15,292.2569911347379,42,146.32707624871682,8,1.5700327365623017,69,10100001,-5,0
SA22,D03,R01,0,5.87452338700035,43,14.251002389249214,13,352.85147036109174,51,169.28567864042793,9,1.3636556975200358,60,10100001,-5,0
SA22,D03,R01,0,5.4378269141129865,40,13.380387944802337,12,297.87408086984703,43,152.34929009177333,8,1.3783215576629997,61,10100001,-5,0
SA22,D03,R01,0,5.525169349249905,41,16.38700508932432,15,384.72263948080905,55,174.4557790910572,9,1.4935510312615443,66,10100001,-5,0
SA22,D03,R01,0,5.884771783207033,44,21.74429839303861,19,321.9320478160945,46,197.45102722513477,10,1.4689186114729986,65,10100001,-5,0
SA22,D03,R01,0,6.044376300602177,45,19.9138589493124,18,362.5550651656009,52,196.8050236305949,10,1.2793163157988992,56,10100001,-5,0
SA22,D03,R01,0,6.312908499313381,47,11.122795288335674,10,321.7991603002416,46,189.55403258888597,10,1.52853395115481,67,10100001,-5,0
SA22,D03,R01,0,6.312908499313381,47,11.122795288335674,10,321.7991603002416,46,189.55403258888597,10,1.52853395115481,67,10100001,-5,0
SA22,D03,R01,0,6.014302056235022,44,17.769966923698977,16,381.62852651732834,55,163.09718353174105,9,1.519485025794595,67,10100001,-5,0
SA22,D03,R01,0,5.909790915261671,44,15.776650157629678,14,355.4441055725764,51,167.2595950858729,9,1.2458019565026333,55,10100001,-5,0
SA22,D03,R01,0,5.662069962026504,42,15.85452580711791,14,346.7814819896864,50,148.21452829454688,8,1.2221999275708848,54,10100001,-5,0
SA22,D03,R01,0,6.2096328228746245,46,20.491619715909884,18,386.4585791207463,55,187.65713502729096,10,1.4649352679910954,64,10100001,-5,0
SA22,D03,R01,0,6.2096328228746245,46,20.491619715909884,18,386.4585791207463,55,187.65713502729096,10,1.4649352679910954,64,10100001,-5,0
SA22,D04,R01,0,4.649169453927026,34,28.68114096497683,26,532.3102867698097,76,97.48627903318096,5,1.7680846263778929,78,10100001,-5,0
SA22,D04,R01,0,5.904556273763428,44,21.34556436700373,19,532.3102867698097,76,178.5212040991837,9,1.6323709217054811,72,10100001,-5,0
SA22,D04,R01,0,5.904556273763428,44,21.34556436700373,19,532.3102867698097,76,178.5212040991837,9,1.6323709217054811,72,10100001,-5,0
SA22,D04,R01,0,6.2068653120519,46,25.849288001688382,23,613.4106718163714,88,200.6561881053443,10,2.141052506368592,94,10100001,-5,0
SA22,D04,R01,0,6.2068653120519,46,25.849288001688382,23,613.4106718163714,88,200.6561881053443,10,2.141052506368592,94,10100001,-5,0
SA22,D04,R01,0,5.475382417883733,40,19.56475521800081,18,543.1284086561624,78,132.51776044967283,7,1.6498032440461876,73,10100001,-5,0
SA22,D04,R01,0,5.737264045733711,42,22.1112452657669,20,625.1366257346423,90,165.27309353309204,9,1.3117957236223388,58,10100011,-3,0
SA22,D04,R01,0,5.737264045733711,42,22.1112452657669,20,625.1366257346423,90,165.27309353309204,9,1.3117957236223388,58,10100011,-3,0
SA22,D04,R01,0,4.898071470076418,36,16.871213821354022,15,389.1728350058944,56,130.89359284147156,7,0.9088812495536036,40,10100001,-5,0
SA22,D04,R01,0,4.038287975787589,30,17.096979686651466,15,397.860736020173,57,126.20917463567932,7,0.9452346128594366,42,10100001,-5,0
SA22,D04,R01,0,4.025841211590132,30,12.818636243583198,11,464.2063467011609,66,88.72920979914116,5,1.0909847357653326,48,10100001,-5,0
SA22,D04,R01,0,5.027369548787728,37,24.50886540723161,22,494.4516774802945,71,172.96424795583044,9,1.1601277556372809,51,10100001,-5,0
SA22,D04,R01,0,5.027369548787728,37,24.50886540723161,22,494.4516774802945,71,172.96424795583044,9,1.1601277556372809,51,10100001,-5,0
SA22,D04,R01,0,4.983539188347662,37,18.8532132403824,17,467.74945765055577,67,118.90546210767772,6,1.1165157972770918,49,10100001,-5,0
SA22,D04,R01,0,4.983539188347662,37,18.8532132403824,17,467.74945765055577,67,118.90546210767772,6,1.1165157972770918,49,10100001,-5,0
SA22,D04,R01,0,5.138845210992355,38,14.817551931428284,13,437.41253421305726,63,145.92905956687173,8,1.1024726759439971,48,10100001,-5,0
SA22,D04,R01,0,5.138845210992355,38,14.817551931428284,13,437.41253421305726,63,145.92905956687173,8,1.1024726759439971,48,10100001,-5,0
SA22,D04,R01,0,4.808295456832422,36,27.640819282549664,25,455.53805885557006,65,129.29347532293934,7,1.1780036483459246,52,10100001,-5,0
SA22,D04,R01,0,4.808295456832422,36,27.640819282549664,25,455.53805885557006,65,129.29347532293934,7,1.1780036483459246,52,10100001,-5,0
SA22,D04,R01,0,4.997119836969999,37,17.57367576476025,16,494.1346352858767,71,132.33552148419224,7,1.3870626116059936,61,10100001,-5,0
SA22,D04,R01,0,5.030798092088309,37,16.899022688232034,15,447.9236052404487,64,132.11591867073648,7,1.210504542538258,53,10100001,-5,0
SA22,D04,R01,0,5.110869489477946,38,28.908417599117197,26,478.0850828561937,68,128.11558819109212,7,1.1912574064440775,52,10100001,-5,0
SA22,D04,R01,0,5.110869489477946,38,28.908417599117197,26,478.0850828561937,68,128.11558819109212,7,1.1912574064440775,52,10100001,-5,0
SA22,D04,R01,0,4.882603120510807,36,20.92214950663959,19,400.7472473726433,57,95.307378701306,5,1.3536849912252336,60,10100001,-5,0
SA22,D04,R01,0,4.620411839479924,34,33.139111613395094,30,436.974618711512,63,105.15915679877156,5,1.3626238478115755,60,10100001,-5,0
SA22,D04,R01,0,5.483693311444794,41,13.261167154743246,12,494.01405281521096,71,141.547919125515,7,1.4985454233428153,66,10100001,-5,0
SA22,D04,R01,0,5.483693311444794,41,13.261167154743246,12,494.01405281521096,71,141.547919125515,7,1.4985454233428153,66,10100001,-5,0
SA22,D04,R01,0,5.961696431454751,44,17.857513116074596,16,464.159562174527,66,157.18353622957935,8,2.2459230464145,99,10100001,-5,0
SA22,D04,R01,0,7.447985526524626,55,4.560786112388632,4,421.9450186092183,60,279.98877956881995,15,1.4720786309533214,65,10100001,-5,0
SA22,D04,R01,0,7.447985526524626,55,4.560786112388632,4,421.9450186092183,60,279.98877956881995,15,1.4720786309533214,65,10100001,-5,0
SA22,D04,R01,0,6.515920069757513,48,5.194799413347137,5,476.0008887522579,68,213.0189436940302,11,2.0195170437459677,89,10100001,-5,0
SA22,D04,R01,0,6.9989743162475015,52,8.704276614994084,8,443.0932325885705,63,218.89741407676377,11,1.8916815553951656,83,10100001,-5,0
SA22,D04,R01,0,7.43923647828746,55,7.375648332273336,7,527.6629047296095,76,292.629347998931,15,2.1359047351990044,94,10100001,-5,0
SA22,D04,R01,0,8.334829069054239,62,10.552272697062037,9,673.8651790658622,97,417.2636239693691,22,1.929015979749032,85,10100001,-5,0
SA22,D04,R01,0,8.334829069054239,62,10.552272697062037,9,673.8651790658622,97,417.2636239693691,22,1.929015979749032,85,10100001,-5,0
SA22,D04,R01,0,7.509264500916622,56,6.858841733817231,6,578.902408134078,83,385.8984528253311,20,1.510256699449423,66,10100001,-5,0
SA22,D04,R01,0,7.509264500916622,56,6.858841733817231,6,578.902408134078,83,385.8984528253311,20,1.510256699449423,66,10100001,-5,0
SA22,D04,R01,0,6.750844266862456,50,16.539904694853035,15,414.15041314132895,59,240.12250323955567,13,1.244122628177547,55,10100001,-5,0
SA22,D04,R01,0,6.547120884031178,48,16.960849022676,15,576.9268359197825,83,180.72337112478377,9,1.7518023266010772,77,10100001,-5,0
SA22,D04,R01,0,6.547120884031178,48,16.960849022676,15,576.9268359197825,83,180.72337112478377,9,1.7518023266010772,77,10100001,-5,0
SA22,D04,R01,0,6.799214979747317,50,16.476108470661305,15,519.1021272781243,74,233.66045920310228,12,1.6189520842734912,71,10100001,-5,0
SA22,D04,R01,0,6.799214979747317,50,16.476108470661305,15,519.1021272781243,74,233.66045920310228,12,1.6189520842734912,71,10100001,-5,0
SA22,D04,R01,0,6.653480204233346,49,10.917717295568217,10,617.4989017339739,88,261.7189092708154,14,1.733623248477186,76,10100001,-5,0
SA22,D04,R01,0,6.861293376744491,51,24.10564999406654,22,674.5677730851143,97,322.2407939418813,17,1.386766507188063,61,10100011,-3,0
SA22,D04,R01,0,6.861293376744491,51,24.10564999406654,22,674.5677730851143,97,322.2407939418813,17,1.386766507188063,61,10100011,-3,0
SA22,D04,R01,0,6.6791803535548055,49,23.961254128087027,21,598.7217605248726,86,273.39115278477965,14,1.7236743344643852,76,10100001,-5,0
SA22,D04,R01,0,7.345259361180367,54,20.026096131850448,18,548.2156023429736,79,290.7594622212896,15,1.656900451293957,73,10100001,-5,0
SA22,D04,R01,0,7.345259361180367,54,20.026096131850448,18,548.2156023429736,79,290.7594622212896,15,1.656900451293957,73,10100001,-5,0
SA22,D04,R01,0,6.365726682499734,47,20.48189555750721,18,627.4939400021242,90,156.75326398640834,8,1.5228725804329226,67,10100001,-5,0
SA22,D05,R01,0,2.315721072779289,17,14.71346853733868,13,142.8742925321029,20,30.773085896991105,2,0.1896709361514061,8,10100001,-5,0
SA22,D05,R02,0,3.269916251973722,24,13.13047899960496,12,299.4897038914176,43,61.92646305463448,3,0.0066525576008632,0,10110101,-1,0
SA22,D05,R03,0,3.344144708742104,25,10.971536391855308,10,250.05918785643783,36,61.99048197417349,3,0.0361617317289234,2,10100101,-3,0
SA22,D05,R04,0,3.303218866925487,24,21.172709642437397,19,253.6980949481632,36,57.57977775205738,3,0.2049411786661134,9,10100001,-5,0
SA22,D05,R05,0,3.425021740920961,25,5.178535463252381,5,258.6133324276116,37,58.65834043029938,3,0.0075247739613505,0,10110101,-1,0
SA22,D06,R01,0,6.07176271689156,45,20.975601734327064,19,462.89838309567045,66,168.4327127895691,9,2.212858773853968,97,10100001,-5,0
SA22,D06,R02,0,8.46200597045082,63,12.028145309482882,11,622.9005271012594,89,329.34218813848,17,1.9457843965032908,86,10100001,-5,0
SA22,D06,R03,0,9.7995691321497,72,9.673612267105394,9,803.2496323157252,115,484.2921952932059,25,3.9465111676984894,127,10100001,-5,0
SA22,D06,R04,0,8.337758631319367,62,7.593896528262603,7,640.6102673069311,92,315.4002510490661,16,1.8746745473688131,82,10100001,-5,0
SA22,D06,R05,0,9.199558778216876,68,11.44263053640935,10,645.3878490340735,92,368.9753274340379,19,3.14782440771814,127,10100001,-5,0
SA22,D07,R01,0,1.2947436363946243,10,24.024367666305302,22,75.30788565781184,11,7.470873951977808,0,0.0047747329577242,0,10100001,-5,0
SA22,D07,R02,0,1.2047599483727558,9,25.32226231456145,23,47.113171135081295,7,6.97838591482518,0,0.0011601843607816,0,10100001,-5,0
SA22,D07,R03,0,1.2344059034897363,9,25.69348365411568,23,46.29982288050708,7,7.819588159027768,0,0.000151690733089,0,10100001,-5,0
SA22,D07,R04,0,1.2603151054554025,9,19.699480500191203,18,43.4732299788766,6,7.480487387176149,0,0.0002948971143599,0,10100001,-5,0
SA22,D07,R05,0,1.2544537356174947,9,23.63719614098677,21,59.04279935347485,8,16.76408220510419,1,0.0006682105974342,0,10100001,-5,0
SA22,D08,R01,0,2.9869814370813805,22,1.592985971700784,1,151.07693068690833,22,85.47199538494877,4,0.0009809615463866,0,10100001,-5,0
SA22,D08,R02,0,2.850336851324002,21,13.488415538175602,12,234.33848732414583,34,89.94427305267658,5,0.0011469663761354,0,10110101,-1,0
SA22,D08,R03,0,2.233183002631488,17,6.149551804580507,6,165.3743926215173,24,40.578967668851405,2,0.0005388312257257,0,10100001,-5,0
SA22,D08,R04,0,2.731742594487823,20,10.030124208272614,9,270.3624362244236,39,103.2575556771158,5,0.000655637501158,0,10110101,-1,0
SA22,D08,R05,0,2.770919301317536,20,11.707793022492035,10,232.28798544038116,33,59.08113718478995,3,0.001648717669049,0,10100101,-3,0
SA22,D09,R01,0,2.019829674517755,15,36.97136955700369,33,73.28754292291161,10,31.821804742091157,2,0.0003161307282863,0,10100001,-5,0
SA22,D09,R02,0,1.6507361417168742,12,16.52298143329953,15,97.50700036007068,14,24.089209458913352,1,0.0001111219627711,0,10100001,-5,0
SA22,D09,R03,0,2.0974380123904286,16,48.7985671767757,44,80.45005488580523,12,34.01608360586885,2,0.0002111768463174,0,10100001,-5,0
SA22,D09,R04,0,1.829906150204072,14,41.25942666162205,37,96.63966342629588,14,30.54370637924741,2,0.0006684630719515,0,10100001,-5,0
SA22,D09,R05,0,2.266857154172242,17,64.17863040746623,58,93.07509118592344,13,48.79738459543059,3,0.0004442492990018,0,10000001,-3,0
SA22,D10,R01,0,3.884490174529423,29,45.7580286160001,41,303.1976108988309,43,133.78592058347678,7,0.000884979446754,0,10010110,5,1
SA22,D10,R02,0,4.677425697670308,35,54.70476122510821,49,315.2335888972165,45,184.9575767628635,10,0.0004805600509762,0,10010110,5,1
SA22,D10,R03,0,4.2007918565051146,31,56.484563236181,51,275.564057950318,39,120.2444750337622,6,0.0004662285597267,0,10010110,5,1
SA22,D10,R04,0,3.707072411520688,27,57.0343985507332,51,237.70439174492356,34,97.02492312842938,5,0.0011565514715474,0,10010100,3,1
SA22,D10,R05,0,5.4816045909570645,41,64.94878813311668,58,351.96138111892736,50,304.6578922266483,16,0.0008487295818695,0,10010110,5,1
SA22,D11,R01,0,4.441148574319451,33,62.342202638001694,56,474.0176102665548,68,195.99680509494,10,0.0030300336849416,0,10010110,5,1
SA22,D11,R02,0,3.6836206752727514,27,56.1820233864177,50,352.683172596895,51,183.9010845102628,10,0.0016019042614409,0,10010110,5,1
SA22,D11,R03,0,2.581061892548116,19,11.96091131358034,11,270.5422527547371,39,80.36983400897033,4,0.0008148261313799,0,10110101,-1,0
SA22,D11,R04,0,3.0422942328477616,22,11.139155021328843,10,239.0409381966288,34,107.12628466649976,6,0.0010964038712326,0,10110101,-1,0
SA22,D11,R05,0,3.5268397515073606,26,49.58457385151279,44,438.6250726558987,63,143.7118305746993,7,0.0004886330819219,0,10010110,5,1
SA22,D12,R01,0,1.2581400000658214,9,85.70209111876036,77,78.72297795970611,11,11.82970232372913,1,0.0011123780554296,0,10000001,-3,0
SA22,D12,R02,0,1.1788982252046294,9,80.99737905620232,73,93.43916304648884,13,13.226256927310986,1,0.0002250708592711,0,10000001,-3,0
SA22,D12,R03,0,1.1076405896233896,8,76.73730161191054,69,59.65411435876096,9,10.642899347415447,1,0.0003868094062348,0,10000001,-3,0
SA22,D12,R04,0,1.1056412740817545,8,100.40173507490525,90,71.52565144852548,10,10.82323538618768,1,0.0004699139970194,0,10000001,-3,0
SA22,D12,R05,0,1.1611751102735324,9,110.94818664553254,99,90.11575738229295,13,9.726688127432135,1,0.0008940269446118,0,10000001,-3,0
SA22,D13,R01,0,1.3754216327980122,10,92.67710942181662,83,142.146502337763,20,18.99843411714972,1,0.0002466525909106,0,10000001,-3,0
SA22,D13,R02,0,1.254617934715336,9,102.08430790225717,91,127.31114303547368,18,22.670808644486563,1,0.0002362920093384,0,10000001,-3,0
SA22,D13,R03,0,1.3283547595380911,10,96.58425651192248,87,123.81834057680588,18,27.767747169088963,1,0.0003317740098603,0,10000001,-3,0
SA22,D13,R04,0,1.935139849042328,14,125.61273662514006,113,186.08628218790375,27,47.44329668911416,2,0.0009910517076512,0,10010010,3,1
SA22,D13,R05,0,1.2836593676167805,9,14.56970955499512,13,87.19702531882074,12,11.41265965462801,1,0.0007569025928491,0,10100001,-5,0
SA22,D14,R01,0,1.4168168530608278,10,109.8126217901964,98,91.46887435357256,13,11.587236040532002,1,0.0002224142236598,0,10000001,-3,0
SA22,D14,R02,0,1.299818994685534,10,102.98409186617522,92,117.93487959428604,17,8.717050537752602,0,0.0005847221854232,0,10000001,-3,0
SA22,D14,R03,0,1.285197805179226,10,121.84903270638314,109,154.1149297991596,22,22.025305327235323,1,0.000543824130205,0,10010011,1,1
SA22,D14,R04,0,1.155206983110873,9,71.1555445770526,64,67.07774779264575,10,15.868353522992471,1,9.936263965877646e-05,0,10000001,-3,0
SA22,D14,R05,0,1.190643967204565,9,89.2219592493118,80,89.17871305089548,13,9.299827306098509,0,0.0019977941872659,0,10000001,-3,0
SA22,D15,R01,0,1.1845280450260032,9,61.12834610732722,55,32.50338408384592,5,9.349563927085349,0,0.0017678530198728,0,10100001,-5,0
SA22,D15,R02,0,1.3200235445639312,10,61.44223844552131,55,34.32347163599262,5,7.322921825586359,0,0.000384806630176,0,10100001,-5,0
SA22,D15,R03,0,1.2218135574385418,9,47.342761199501695,42,24.57390908995297,4,7.9814756188337554,0,0.000118242579067,0,10100001,-5,0
SA22,D15,R04,0,1.308902715391551,10,60.88932166714083,55,40.38821318341172,6,17.314667486726208,1,0.0002215263222149,0,10100001,-5,0
SA22,D15,R05,0,1.3888682724164303,10,55.7018804589564,50,57.026894285488645,8,7.088919369892444,0,0.0004785416082312,0,10100001,-5,0
SA22,D16,R01,0,1.1021579729175055,8,34.399796276597954,31,39.7636431067122,6,12.269881417691009,1,0.0001780785240337,0,10100001,-5,0
SA22,D16,R02,0,1.1139594973421385,8,21.538757192381706,19,47.06186559079817,7,6.826863843067343,0,0.0002551618808639,0,10100001,-5,0
SA22,D16,R03,0,1.1081295275393972,8,42.45916451995912,38,47.85642793793446,7,5.469302839298429,0,0.0002107771575816,0,10100001,-5,0
SA22,D16,R04,0,1.1405380424901168,8,2.574696760522297,2,50.02537619846312,7,10.609651722274482,1,0.000213022561925,0,10100001,-5,0
SA22,D16,R05,0,1.0849112731938613,8,35.51261801954712,32,56.269945476136776,8,6.233385952953396,0,9.449626338392598e-05,0,10100001,-5,0
SA22,D17,R01,0,1.5831352243797354,12,23.156593300205003,21,141.6013783420812,20,13.892830147733635,1,0.0066348790889128,0,10100001,-5,0
SA22,D17,R02,0,1.4940525402957094,11,18.911382869235773,17,180.00461749604816,26,21.490387323913357,1,0.0056519212023979,0,10100001,-5,0
SA22,D17,R03,0,1.4046323160739878,10,24.358949568517865,22,137.5585241830767,20,9.863842924284992,1,0.0039134022828625,0,10100001,-5,0
SA22,D17,R04,0,1.468100546238979,11,3.2860410629722585,3,131.0132531103212,19,17.80329756426111,1,0.000601199422296,0,10100001,-5,0
SA22,D17,R05,0,1.499175798954837,11,28.097472136272422,25,102.19527241257184,15,10.404439532560428,1,0.0209814004336392,1,10100001,-5,0
SA22,D18,R01,0,4.267041317067659,32,16.816119635272894,15,286.6935183573444,41,89.7925447121854,5,0.0163628562046514,1,10110100,1,1
SA22,D18,R02,0,4.259917412615494,31,25.1889346109933,23,282.1005833749916,40,126.54007144804692,7,0.1594646265861698,7,10100101,-3,0
SA22,D18,R03,0,3.627835973091431,27,34.26357465029134,31,466.81744837414175,67,111.65348343993496,6,0.0888459415803084,4,10110111,1,1
SA22,D18,R04,0,3.839943093831885,28,34.0341500328115,30,307.5926574130323,44,83.14785837288525,4,0.0848066715953184,4,10100111,-1,0
SA22,D18,R05,0,4.286089090579291,32,39.976384744045816,36,424.986596457109,61,151.96889049585602,8,0.1699058604632727,7,10100110,1,1
SA22,D19,R01,0,5.124623354585895,38,22.72307276245016,20,354.4303955784768,51,171.69421962106588,9,0.0099611495123164,0,10110110,3,1
SA22,D19,R02,0,5.784544300010941,43,20.427716389450207,18,491.9870589088551,70,207.25830680296383,11,0.0006699406437591,0,10010110,5,1
SA22,D19,R03,0,7.403419694232207,55,18.485413218441145,17,716.5137623159341,103,230.28985600988372,12,0.0014243960068013,0,10010110,5,1
SA22,D19,R04,0,6.042074816718204,45,16.317465200642562,15,545.7469136194076,78,248.12858758532403,13,0.0005856076458154,0,10010110,5,1
SA22,D19,R05,0,8.049466739786052,60,21.219803446256805,19,724.3545603439794,104,391.5315322551895,20,0.0004031891840437,0,10010110,5,1
SA22,F01,R01,1,11.669094014830506,86,118.21047488980278,106,460.7933999157851,66,1885.5187913771824,98,0.0042532333648767,0,10010110,5,1
SA22,F01,R02,1,4.843014372062901,36,60.55287409263799,54,482.0900366500359,69,174.13625194723758,9,0.0014259458958412,0,10010110,5,1
SA22,F01,R03,1,18.196567018795918,127,94.95047684900597,85,753.6747705540988,108,2225.753841955852,116,0.006162051920559,0,10010110,5,1
SA22,F01,R04,1,12.629208307167172,93,107.62537150254872,96,718.4199243887131,103,1987.0951507863813,104,0.0001971483104094,0,10010110,5,1
SA22,F01,R05,1,24.69181689412918,127,100.55229216588256,90,1273.134447089882,127,4776.559732631212,127,0.000234388100995,0,10010110,5,1
SA22,F02,R01,1,11.725931393327167,87,27.261270605332747,24,443.20723994520273,63,483.3325901895085,25,0.0016666185930399,0,10010110,5,1
SA22,F02,R02,1,9.458345343180245,70,20.70177426834348,19,665.3203887346338,95,354.62462038450474,18,0.0048390071972186,0,10010110,5,1
SA22,F02,R03,1,13.10596240687236,97,39.859283150994585,36,341.4835883737832,49,526.6104061171106,27,0.0042111492271124,0,10010110,5,1
SA22,F02,R04,1,13.439429140228924,99,50.49284767166876,45,646.2784090429279,93,878.8873126056908,46,0.0047630907101828,0,10010110,5,1
SA22,F02,R05,1,14.673636658748531,108,47.27968085327456,42,482.4366161858728,69,778.9489100669904,41,0.0036180611280328,0,10010110,5,1
SA22,F03,R01,1,7.033963235185787,52,23.671828846563397,21,407.4326778014735,58,199.21073870791,10,0.0075679435110183,0,10010110,5,1
SA22,F03,R02,1,12.76731803434218,94,80.93415820286064,73,726.9654361598654,104,559.724321532807,29,0.0055510151636829,0,10010110,5,1
SA22,F03,R03,1,8.870532993615452,66,65.30407303535014,59,463.2008917078002,66,392.0619979817019,20,0.0052011122113924,0,10010110,5,1
SA22,F03,R04,1,5.721898947331782,42,70.5917421288893,63,566.953637904923,81,131.27733022727938,7,0.0241313553458722,1,10010110,5,1
SA22,F03,R05,1,5.390084325240481,40,61.18453683592405,55,432.7931186316487,62,410.8343729775731,21,0.0026019454809551,0,10010110,5,1
SA22,F04,R01,1,4.713427643072966,35,57.752405322999664,52,425.1101086486415,61,142.67435988319414,7,0.0117330673385772,1,10010110,5,1
SA22,F04,R02,1,3.041993284761038,22,89.0141001368576,80,367.3813947115873,53,143.14618496776,7,0.0048257608250927,0,10010110,5,1
SA22,F04,R03,1,18.579441136228244,127,114.81452882567152,103,1261.9935938044196,127,3588.6403722477644,127,0.0047088186703965,0,10010110,5,1
SA22,F04,R04,1,19.539387757813586,127,75.705125759845,68,928.7624585514887,127,2227.667422114152,116,0.0012976953833056,0,10010110,5,1
SA22,F04,R05,1,5.820471107318789,43,131.7478985292171,118,389.8507503653112,56,893.1502336521623,47,0.0013205649225007,0,10010110,5,1
SA22,F05,R01,1,4.79958761351073,35,77.39379085553568,69,561.937978565045,80,742.2173199574471,39,0.0049713512323864,0,10010110,5,1
SA22,F05,R02,1,12.072431675821688,89,90.77903096726985,81,714.5104647528095,102,1177.7672752203168,61,0.0064863787348554,0,10010110,5,1
SA22,F05,R03,1,17.67821849564281,127,113.4539860105323,102,1075.9606214621056,127,3139.6732424792526,127,0.0033350764871288,0,10010110,5,1
SA22,F05,R04,1,6.455237386934712,48,120.53595910323712,108,534.5845788871554,77,452.5662375790934,24,0.0015698997444278,0,10010110,5,1
SA22,F05,R05,1,8.948026846642906,66,142.64607721811515,127,496.4203960635247,71,1003.5492975351566,52,0.0006770014493865,0,10010110,5,1
SA22,F06,R01,1,6.884197948670882,51,34.9855610332115,31,587.8069269918965,84,741.5102031659296,39,0.0045537090095161,0,10010110,5,1
SA22,F06,R02,1,6.432152758705916,48,51.65037630581016,46,668.3314939086728,96,244.48224791889157,13,0.0032853161762673,0,10010110,5,1
SA22,F06,R03,1,5.87970042393278,43,40.50307666557603,36,435.7826167988261,62,188.6109053064017,10,0.0407092308742234,2,10010110,5,1
SA22,F06,R04,1,6.396969506889205,47,58.00651091035768,52,1196.4193794737698,127,863.2633054688613,45,0.0019068356459651,0,10010110,5,1
SA22,F06,R05,1,7.991394182584496,59,53.21988862184426,48,542.4991813886417,78,293.9535294633256,15,0.0038979283551166,0,10010110,5,1
SA22,F07,R01,1,9.84888413978092,73,35.117673747265265,31,608.6610285551853,87,423.234335988597,22,0.0053975130117443,0,10010110,5,1
SA22,F07,R02,1,6.426827185012495,48,54.026792389300816,48,478.493616026163,69,392.62133111858,20,0.0019242858469584,0,10010110,5,1
SA22,F07,R03,1,5.37526258669998,40,53.6341741276084,48,444.6261705179923,64,130.64517569390262,7,0.0019502947486543,0,10010110,5,1
SA22,F07,R04,1,8.576235703830454,63,41.2999981317075,37,471.3631707239476,68,299.16936785461064,16,0.0079413062894062,0,10010110,5,1
SA22,F07,R05,1,4.509052919132693,33,41.38109196417506,37,319.5917638823465,46,106.06904319785907,6,0.0039679995599562,0,10010110,5,1
SA22,F08,R01,1,6.856646088362348,51,105.85687725252502,95,576.271827562596,83,494.7663695219149,26,0.0044779849097475,0,10010110,5,1
SA22,F08,R02,1,4.222020216900206,31,82.1864145938151,74,345.0513503828601,49,148.80386016287073,8,0.0014518746311762,0,10010110,5,1
SA22,F08,R03,1,5.006101318894681,37,107.34829168327848,96,300.66025765117735,43,148.6670321381875,8,0.0020226675569346,0,10010110,5,1
SA22,F08,R04,1,3.885815692828574,29,61.65655743286897,55,378.3142735319792,54,135.31865279170728,7,0.0013991246661014,0,10010110,5,1
SA22,F08,R05,1,6.33499819640365,47,99.32660108253378,89,393.8174210834083,56,201.9335170486114,11,0.0033482937163593,0,10010110,5,1
SA22,F09,R01,1,4.00160185211029,30,99.39287519061772,89,395.570034266056,57,207.5004016150692,11,0.0028041392666194,0,10010110,5,1
SA22,F09,R02,1,4.341065379928353,32,96.43799415053708,86,463.7265524244742,66,112.447416519365,6,0.0061344246655212,0,10010110,5,1
SA22,F09,R03,1,5.335940359625881,39,102.68001357365122,92,437.61969104157305,63,238.95236137332515,12,0.002033907601061,0,10010110,5,1
SA22,F09,R04,1,6.770409141359646,50,112.80746373227448,101,461.19170129968745,66,228.87637858593183,12,0.0028147753025183,0,10010110,5,1
SA22,F09,R05,1,5.249061137219267,39,64.95987836883283,58,678.403425191201,97,240.9862473194061,13,0.003852961329489,0,10010110,5,1
SA22,F10,R01,1,11.003321059608336,81,117.53591336821808,105,562.5373675597187,81,1051.7190116435218,55,0.0007205973038626,0,10010110,5,1
SA22,F10,R02,1,7.943320715805237,59,90.70619851507531,81,459.9088975498775,66,315.28896079756913,16,0.0001403860883055,0,10010110,5,1
SA22,F10,R03,1,10.008239403463092,74,108.8910247138057,98,770.5563842974128,110,1780.3306349972424,93,0.0001686152525053,0,10010110,5,1
SA22,F10,R04,1,5.092818286146004,38,108.57563733025316,97,420.7768895362066,60,291.05065170492344,15,0.0030742254194286,0,10010110,5,1
SA22,F10,R05,1,8.198868873549818,61,100.12608795328222,90,613.406469232628,88,689.1875971189504,36,0.0100509881081747,0,10010110,5,1
SA22,F11,R01,1,4.44046652052708,33,9.472550407384748,8,325.3559082580076,47,114.89638682755069,6,0.0038637281974573,0,10110110,3,1
SA22,F11,R02,1,5.317394918632913,39,7.0169015087968205,6,285.5291541115415,41,165.66934234888146,9,0.0027304413605751,0,10110100,1,1
SA22,F11,R03,1,6.896949823662427,51,13.55061373197116,12,339.01308750001675,49,217.10669906982983,11,0.0163415124395814,1,10010110,5,1
SA22,F11,R04,1,5.348416616414093,40,26.66735162934488,24,340.31325826218887,49,141.75765362279114,7,0.0128887631016384,1,10010110,5,1
SA22,F11,R05,1,8.053096047920405,60,2.830708872486284,3,418.6895785937125,60,285.6954900835797,15,0.011817955303132,1,10010110,5,1
SA22,F12,R01,1,6.694199103383629,49,69.98701537304693,63,389.5536130475646,56,209.2083542762504,11,0.0025505433078918,0,10010110,5,1
SA22,F12,R02,1,3.81222182963168,28,78.12086803147987,70,338.7469097468055,49,115.27595127442876,6,0.0013957337220538,0,10010110,5,1
SA22,F12,R03,1,4.6144933182294645,34,75.22527553122772,67,337.802296598201,48,102.62189979251784,5,0.0035639563471555,0,10010110,5,1
SA22,F12,R04,1,4.902080732486207,36,79.98700934371487,72,440.0933455278666,63,186.84085162759817,10,0.0027047771800414,0,10010110,5,1
SA22,F12,R05,1,5.494106950327836,41,100.110826250673,90,366.36527306117216,52,214.7156272620501,11,0.0025378150007256,0,10010110,5,1
SA22,F13,R01,1,3.150467513979572,23,116.25315030673856,104,399.8762268928221,57,137.10308627521775,7,0.0007961610000137,0,10010110,5,1
SA22,F13,R02,1,4.666677384137154,35,150.14753436704405,127,282.06122812313595,40,538.4787113613002,28,0.0003906872430734,0,10010110,5,1
SA22,F13,R03,1,3.71767685736944,27,131.15257095133208,118,341.7829510713679,49,161.72691605126212,8,0.0003717599942197,0,10010110,5,1
SA22,F13,R04,1,5.40256829115792,40,108.88926301290768,98,344.00172661781863,49,312.4102080660154,16,0.001233028281128,0,10010110,5,1
SA22,F13,R05,1,4.0179403435705945,30,103.6014599195474,93,343.57828489700006,49,207.91659132150792,11,0.0038197349711557,0,10010110,5,1
SA22,F14,R01,1,4.119219804982227,30,109.09885295072765,98,151.01801067664363,22,103.59852166778964,5,0.0028868790713453,0,10010110,5,1
SA22,F14,R02,1,3.2984482324553013,24,119.82596436030184,107,122.37235276921363,18,81.26490027452708,4,0.0024282273037485,0,10000110,3,1
SA22,F14,R03,1,3.738007761678297,28,123.6505176488496,111,144.39087571963523,21,84.51785969986338,4,0.0007715705284552,0,10010110,5,1
SA22,F14,R04,1,3.332125126901468,25,98.6399805399599,88,262.5565357293599,38,55.61572949639335,3,0.008482584402226,0,10010110,5,1
SA22,F14,R05,1,3.6721575689146975,27,109.45860364853073,98,144.88837222459685,21,82.75345549268893,4,0.0028814190073699,0,10000110,3,1
SA22,F15,R01,1,3.244906615807688,24,95.60025899961904,86,229.3211360359473,33,79.86802459124895,4,0.0024719665137889,0,10010110,5,1
SA22,F15,R02,1,5.609268910034366,41,122.59743274172078,110,305.08119261661017,44,305.5941225628751,16,0.0023748604062986,0,10010110,5,1
SA22,F15,R03,1,3.547315931430807,26,128.7768799107318,115,231.8507317544439,33,113.29963666617328,6,0.0052259768113302,0,10010110,5,1
SA22,F15,R04,1,4.579374696115385,34,136.84340093223736,123,353.82333293625305,51,191.29581265112785,10,0.0011929163677532,0,10010110,5,1
SA22,F15,R05,1,3.9401071787551833,29,102.58876592670312,92,371.4603570741064,53,113.73829526334572,6,0.0026101853576161,0,10010110,5,1
SA23,D01,R01,0,1.7716900118380967,13,8.795953247407274,8,72.62878411557224,10,34.921838332809465,2,0.050704057752578,2,10100001,-5,0
SA23,D01,R01,0,1.6443688681708173,12,3.177437866937433,3,55.30138825481348,8,36.340324348863874,2,0.0611453625934871,3,10100001,-5,0
SA23,D01,R01,0,1.69494343621052,13,6.861149861889187,6,51.27774127437927,7,34.36415957967358,2,0.0542460420293028,2,10100001,-5,0
SA23,D01,R01,0,1.792364413401942,13,6.249771404013248,6,57.22875102678788,8,45.71580427638116,2,0.057286658833869,3,10100001,-5,0
SA23,D01,R01,0,1.792364413401942,13,6.249771404013248,6,57.22875102678788,8,45.71580427638116,2,0.057286658833869,3,10100001,-5,0
SA23,D01,R01,0,1.7351358480340415,13,7.0511367904170585,6,67.56517363347626,10,34.93988122286713,2,0.0547774476419202,2,10100001,-5,0
SA23,D01,R01,0,1.632971358898978,12,12.656623893154386,11,71.05213141811392,10,44.09518030828066,2,0.0496161546027399,2,10100001,-5,0
SA23,D01,R01,0,1.7682675192207908,13,5.603715631407318,5,61.10414801891141,9,36.94452043289927,2,0.0727608520531266,3,10100001,-5,0
SA23,D01,R01,0,1.7682675192207908,13,5.603715631407318,5,61.10414801891141,9,36.94452043289927,2,0.0727608520531266,3,10100001,-5,0
SA23,D01,R01,0,1.7445594139576115,13,8.535711713647057,8,65.05402859624064,9,36.13159136640816,2,0.0626587142879696,3,10100001,-5,0
SA23,D01,R01,0,1.7445594139576115,13,8.535711713647057,8,65.05402859624064,9,36.13159136640816,2,0.0626587142879696,3,10100001,-5,0
SA23,D01,R01,0,1.7654348625498053,13,7.7227792615646464,7,63.02473211182341,9,38.56311602219134,2,0.0385205004647922,2,10100001,-5,0
SA23,D01,R01,0,1.7654348625498053,13,7.7227792615646464,7,63.02473211182341,9,38.56311602219134,2,0.0385205004647922,2,10100001,-5,0
SA23,D01,R01,0,1.5968920085322182,12,7.0223001205502085,6,56.181692663467366,8,31.44885824285497,2,0.0353515123783933,2,10100001,-5,0
SA23,D01,R01,0,1.6980779216307147,13,7.069895338052426,6,60.94102849281471,9,37.88698152854128,2,0.0272018988591168,1,10100001,-5,0
SA23,D01,R01,0,1.6980779216307147,13,7.069895338052426,6,60.94102849281471,9,37.88698152854128,2,0.0272018988591168,1,10100001,-5,0
SA23,D01,R01,0,1.6751938437274954,12,10.626413937123658,10,77.6489296193355,11,34.03375438722016,2,0.0224394921324477,1,10100001,-5,0
SA23,D01,R01,0,1.6554759394015668,12,4.1733747462648285,4,58.70773037636253,8,36.82645190612828,2,0.0387415005277184,2,10100001,-5,0
SA23,D01,R01,0,1.7484080021528692,13,15.135454054529797,14,72.97880499624296,10,26.636773063431328,1,0.073039756830991,3,10100001,-5,0
SA23,D01,R01,0,1.7908526796787334,13,4.4043310690543045,4,62.93541515764991,9,44.13798812963896,2,0.0666601605734629,3,10100001,-5,0
SA23,D01,R01,0,1.7908526796787334,13,4.4043310690543045,4,62.93541515764991,9,44.13798812963896,2,0.0666601605734629,3,10100001,-5,0
SA23,D01,R01,0,1.6753668995318234,12,11.766769944236882,11,59.46296650541353,9,25.30960498444585,1,0.0495536177868108,2,10100001,-5,0
SA23,D01,R01,0,1.6832901045784934,12,3.882178116230642,3,61.720456932704096,9,39.67992352793344,2,0.0410707926512481,2,10100001,-5,0
SA23,D01,R01,0,1.6832901045784934,12,3.882178116230642,3,61.720456932704096,9,39.67992352793344,2,0.0410707926512481,2,10100001,-5,0
SA23,D01,R01,0,1.7414428761850402,13,4.161758893442575,4,55.98906952969681,8,39.43715698619159,2,0.0430422319983005,2,10100001,-5,0
SA23,D01,R01,0,1.7414428761850402,13,4.161758893442575,4,55.98906952969681,8,39.43715698619159,2,0.0430422319983005,2,10100001,-5,0
SA23,D01,R01,0,1.574514356550735,12,12.500934016176624,11,55.10720912223712,8,24.84684089528997,1,0.0426311801123807,2,10100001,-5,0
SA23,D01,R01,0,1.574514356550735,12,12.500934016176624,11,55.10720912223712,8,24.84684089528997,1,0.0426311801123807,2,10100001,-5,0
SA23,D01,R01,0,1.6533361750752629,12,19.559977751112964,18,56.507513232436125,8,22.32863538785983,1,0.036331780140246,2,10100001,-5,0
SA23,D01,R01,0,1.6599678201888433,12,2.8754578600235567,3,61.61543613100559,9,40.57678835327145,2,0.0381849311420121,2,10100001,-5,0
SA23,D01,R01,0,1.6599678201888433,12,2.8754578600235567,3,61.61543613100559,9,40.57678835327145,2,0.0381849311420121,2,10100001,-5,0
SA23,D01,R01,0,1.6210372731125933,12,5.394417778746209,5,58.78690037601013,8,33.95468962602051,2,0.0676586565342197,3,10100001,-5,0
SA23,D01,R01,0,1.6254412712158737,12,0.575998894906956,1,53.90738195806468,8,35.4886409462206,2,0.0567012372130395,2,10100001,-5,0
SA23,D01,R01,0,1.708000833051063,13,1.1426235825223927,1,59.07566256916368,8,42.95485219664839,2,0.0388816127155111,2,10100001,-5,0
SA23,D01,R01,0,1.708000833051063,13,1.1426235825223927,1,59.07566256916368,8,42.95485219664839,2,0.0388816127155111,2,10100001,-5,0
SA23,D01,R01,0,1.6821520799610206,12,3.6322434920128894,3,63.78150465342978,9,32.78628225526808,2,0.0355381257793829,2,10100001,-5,0
SA23,D01,R01,0,1.5595577767381288,12,5.930181832581178,5,114.85605044244062,16,27.421379496446185,1,0.0213479037451268,1,10100001,-5,0
SA23,D01,R01,0,1.5813993722679212,12,2.5789774847193843,2,54.07070698488782,8,34.85316783518107,2,0.0444538045161194,2,10100001,-5,0
SA23,D01,R01,0,1.7030085252603333,13,26.41986986286605,24,74.77568918412413,11,33.69899703613597,2,0.0607320419596376,3,10100001,-5,0
SA23,D01,R01,0,1.7249931003598429,13,3.988747944966902,4,59.63072293285218,9,33.17149923767766,2,0.0498306654602946,2,10100001,-5,0
SA23,D01,R01,0,1.7249931003598429,13,3.988747944966902,4,59.63072293285218,9,33.17149923767766,2,0.0498306654602946,2,10100001,-5,0
SA23,D01,R01,0,1.7092332408083968,13,14.883429023327071,13,66.52759236628694,10,21.7992958752248,1,0.0515292763983057,2,10100001,-5,0
SA23,D01,R01,0,1.6930788857230634,13,3.4064164196232785,3,61.27911449876372,9,39.812802311362994,2,0.0493251278784602,2,10100001,-5,0
SA23,D01,R01,0,1.6236519724186778,12,9.217305013967586,8,36.64926081480549,5,20.95740038102214,1,0.030391477033707,1,10100001,-5,0
SA23,D01,R01,0,1.6236519724186778,12,9.217305013967586,8,36.64926081480549,5,20.95740038102214,1,0.030391477033707,1,10100001,-5,0
SA23,D01,R01,0,1.5661091130270106,12,13.336732099811,12,61.70289041064508,9,28.065756825592025,1,0.0376810208976306,2,10100001,-5,0
SA23,D01,R01,0,1.5421873021149823,11,17.34153539274698,16,54.01335455967307,8,19.530111519593078,1,0.0358752309749086,2,10100001,-5,0
SA23,D01,R01,0,1.5396126475487877,11,14.035049754032272,13,52.20589918742347,7,27.545834830285852,1,0.0472875934233112,2,10100001,-5,0
SA23,D02,R01,0,2.0119197411730605,15,33.13979090273946,30,104.4568331794206,15,67.8522221536121,4,0.1201418317866571,5,10100001,-5,0
SA23,D02,R01,0,1.9486628716390857,14,25.984491481714088,23,69.43413671181979,10,50.07762859685059,3,0.1262182356725349,6,10100001,-5,0
SA23,D02,R01,0,1.848353957854292,14,19.59151417104426,18,71.19140729655616,10,40.90550753920468,2,0.1205503868502964,5,10100001,-5,0
SA23,D02,R01,0,1.919813585768567,14,14.059011376240717,13,83.80002481379404,12,29.93503023637372,2,0.1187722044719402,5,10100001,-5,0
SA23,D02,R01,0,1.919813585768567,14,14.059011376240717,13,83.80002481379404,12,29.93503023637372,2,0.1187722044719402,5,10100001,-5,0
SA23,D02,R01,0,1.9221608019199383,14,2.076516877913336,2,171.7661382805786,25,41.022749342060514,2,0.0952106450887941,4,10100001,-5,0
SA23,D02,R01,0,1.9221608019199383,14,2.076516877913336,2,171.7661382805786,25,41.022749342060514,2,0.0952106450887941,4,10100001,-5,0
SA23,D02,R01,0,1.9411390032356808,14,21.09769044884,19,84.23041742361566,12,58.51681117832221,3,0.1644263560177506,7,10100001,-5,0
SA23,D02,R01,0,1.9411390032356808,14,21.09769044884,19,84.23041742361566,12,58.51681117832221,3,0.1644263560177506,7,10100001,-5,0
SA23,D02,R01,0,2.0913400017523904,15,22.203022643443795,20,85.54364028458741,12,51.768409298384825,3,0.1737027529958578,8,10100001,-5,0
SA23,D02,R01,0,2.0913400017523904,15,22.203022643443795,20,85.54364028458741,12,51.768409298384825,3,0.1737027529958578,8,10100001,-5,0
SA23,D02,R01,0,2.0535360961149123,15,21.841941255983794,20,102.59793725765894,15,67.51296908413984,4,0.1819186773202726,8,10100001,-5,0
SA23,D02,R01,0,2.0535360961149123,15,21.841941255983794,20,102.59793725765894,15,67.51296908413984,4,0.1819186773202726,8,10100001,-5,0
SA23,D02,R01,0,2.067882565733379,15,11.399061802347594,10,83.63384461779384,12,38.82312460317219,2,0.1815710225226316,8,10100001,-5,0
SA23,D02,R01,0,2.093859313844145,15,21.47544174216013,19,94.34483488153448,14,47.44272804638956,2,0.1715231327536182,8,10100001,-5,0
SA23,D02,R01,0,2.093859313844145,15,21.47544174216013,19,94.34483488153448,14,47.44272804638956,2,0.1715231327536182,8,10100001,-5,0
SA23,D02,R01,0,2.0679858683651133,15,21.37723504025045,19,84.49862747939905,12,48.39113915220344,3,0.1917909313676136,8,10100001,-5,0
SA23,D02,R01,0,2.049862145231509,15,33.97728670807495,30,184.00702731886105,26,37.60243372920269,2,0.1522020250241766,7,10100001,-5,0
SA23,D02,R01,0,2.049862145231509,15,33.97728670807495,30,184.00702731886105,26,37.60243372920269,2,0.1522020250241766,7,10100001,-5,0
SA23,D02,R01,0,1.9752419625319009,15,25.05897407992621,22,100.51193107294054,14,31.24044823191239,2,0.1518646079426505,7,10100001,-5,0
SA23,D02,R01,0,1.9151981643655211,14,20.02270080798359,18,84.50072158556166,12,43.914581953727264,2,0.1343178771468715,6,10100001,-5,0
SA23,D02,R01,0,2.111464532191608,16,22.554457502924684,20,87.16670830952347,12,47.12017189513968,2,0.1453083962345486,6,10100001,-5,0
SA23,D02,R01,0,2.111464532191608,16,22.554457502924684,20,87.16670830952347,12,47.12017189513968,2,0.1453083962345486,6,10100001,-5,0
SA23,D02,R01,0,2.06857975838421,15,19.18645923856422,17,88.71453137258996,13,39.76415532080031,2,0.1464740343130904,6,10100001,-5,0
SA23,D02,R01,0,2.089617394283505,15,27.61735779047477,25,79.45185676245191,11,64.85079803057036,3,0.1596703483135329,7,10100001,-5,0
SA23,D02,R01,0,2.089617394283505,15,27.61735779047477,25,79.45185676245191,11,64.85079803057036,3,0.1596703483135329,7,10100001,-5,0
SA23,D02,R01,0,2.0739244730043964,15,24.14734090375176,22,74.1204564565972,11,53.3618075946908,3,0.1413253758009079,6,10100001,-5,0
SA23,D02,R01,0,2.086204483148239,15,22.137585658061752,20,91.0920006860501,13,48.60472859211748,3,0.1967614503156375,9,10100001,-5,0
SA23,D02,R01,0,2.086204483148239,15,22.137585658061752,20,91.0920006860501,13,48.60472859211748,3,0.1967614503156375,9,10100001,-5,0
SA23,D02,R01,0,2.069962381951738,15,15.759099166739166,14,86.77993025306787,12,42.49266434398056,2,0.181890630204843,8,10100001,-5,0
SA23,D02,R01,0,2.069962381951738,15,15.759099166739166,14,86.77993025306787,12,42.49266434398056,2,0.181890630204843,8,10100001,-5,0
SA23,D02,R01,0,2.009745695054243,15,15.550563860156512,14,83.8354253656409,12,42.46591721371536,2,0.1521712218579713,7,10100001,-5,0
SA23,D02,R01,0,2.009745695054243,15,15.550563860156512,14,83.8354253656409,12,42.46591721371536,2,0.1521712218579713,7,10100001,-5,0
SA23,D02,R01,0,2.189041030854749,16,36.9603515704676,33,169.30464749170525,24,55.40478740940884,3,0.1425022651309798,6,10100001,-5,0
SA23,D02,R01,0,2.189041030854749,16,36.9603515704676,33,169.30464749170525,24,55.40478740940884,3,0.1425022651309798,6,10100001,-5,0
SA23,D02,R01,0,1.9183068375645425,14,12.706370037576358,11,89.33497543050447,13,49.89976794147641,3,0.1305732243671958,6,10100001,-5,0
SA23,D02,R01,0,2.115835736596254,16,15.665547965689315,14,85.89331618130561,12,56.375465576831104,3,0.1785486130990931,8,10100001,-5,0
SA23,D02,R01,0,2.115835736596254,16,15.665547965689315,14,85.89331618130561,12,56.375465576831104,3,0.1785486130990931,8,10100001,-5,0
SA23,D02,R01,0,2.0136065171861874,15,41.05448068334911,37,89.1963396470161,13,89.82083927708997,5,0.1860342878167572,8,10100001,-5,0
SA23,D02,R01,0,2.0454021716878352,15,16.99502690319652,15,92.2608318262808,13,59.805920539919335,3,0.1249472722541029,5,10100001,-5,0
SA23,D02,R01,0,2.080132224942008,15,6.946981012735421,6,92.71786681816272,13,49.75473553324314,3,0.1754787778582149,8,10100001,-5,0
SA23,D02,R01,0,2.2052398703411358,16,14.704101129012766,13,128.90684243268367,18,39.27648523846528,2,0.1764542931208817,8,10100001,-5,0
SA23,D02,R01,0,2.2052398703411358,16,14.704101129012766,13,128.90684243268367,18,39.27648523846528,2,0.1764542931208817,8,10100001,-5,0
SA23,D02,R01,0,2.1858985488398845,16,24.160905655487337,22,102.55679022722096,15,57.94762244853344,3,0.1633368533731427,7,10100001,-5,0
SA23,D02,R01,0,1.9929417996021768,15,30.953609515551125,28,90.91937907074664,13,43.57752356213274,2,0.1827832871963732,8,10100001,-5,0
SA23,D02,R01,0,2.2156255509519767,16,12.802501691020597,11,168.78927886320452,24,80.24897150510704,4,0.1306584115141441,6,10100001,-5,0
SA23,D02,R01,0,2.2156255509519767,16,12.802501691020597,11,168.78927886320452,24,80.24897150510704,4,0.1306584115141441,6,10100001,-5,0
SA23,D02,R01,0,2.0984453532057072,16,20.302828807507197,18,88.73827460563908,13,40.005661254875726,2,0.1896099563553066,8,10100001,-5,0
SA23,D02,R01,0,2.0984453532057072,16,20.302828807507197,18,88.73827460563908,13,40.005661254875726,2,0.1896099563553066,8,10100001,-5,0
SA23,D03,R01,0,2.768550381665523,20,23.031828994308007,21,169.87580738198565,24,145.9884545021676,8,0.4624332278991052,20,10100001,-5,0
SA23,D03,R01,0,2.901544514786748,21,59.6189610165486,53,155.36835606319175,22,169.40241146343945,9,0.3665036857202743,16,10100001,-5,0
SA23,D03,R01,0,2.932753603897176,22,67.00275445039927,60,134.7091805384919,19,205.16025297060995,11,0.3195001975567137,14,10100001,-5,0
SA23,D03,R01,0,4.843488526208731,36,140.0195666389668,125,131.26274115163667,19,653.4548595532,34,0.3628001300002901,16,10000000,-1,0
SA23,D03,R01,0,4.843488526208731,36,140.0195666389668,125,131.26274115163667,19,653.4548595532,34,0.3628001300002901,16,10000000,-1,0
SA23,D03,R01,0,2.890091800485648,21,23.415890534027103,21,183.71063934827583,26,175.69993399335354,9,0.3921007261197678,17,10100001,-5,0
SA23,D03,R01,0,3.1923910276832963,24,21.74639505585124,19,215.2814913928445,31,161.48642365483283,8,0.2853624519735405,13,10100001,-5,0
SA23,D03,R01,0,3.1923910276832963,24,21.74639505585124,19,215.2814913928445,31,161.48642365483283,8,0.2853624519735405,13,10100001,-5,0
SA23,D03,R01,0,3.022963060320536,22,27.453221091714006,25,198.14761494530217,28,124.07272762262838,6,0.3181334032152266,14,10100001,-5,0
SA23,D03,R01,0,3.022963060320536,22,27.453221091714006,25,198.14761494530217,28,124.07272762262838,6,0.3181334032152266,14,10100001,-5,0
SA23,D03,R01,0,2.844230192115643,21,69.50179948635635,62,137.6292157986983,20,192.2025046109841,10,0.3939891259587815,17,10100001,-5,0
SA23,D03,R01,0,3.0768259473288784,23,66.2340420978567,59,165.39753688159658,24,183.86735863778296,10,0.4374637039505288,19,10100001,-5,0
SA23,D03,R01,0,3.126449858977931,23,30.94837605857225,28,178.92341281575457,26,160.3510244589162,8,0.4115802415991976,18,10100001,-5,0
SA23,D03,R01,0,3.126449858977931,23,30.94837605857225,28,178.92341281575457,26,160.3510244589162,8,0.4115802415991976,18,10100001,-5,0
SA23,D03,R01,0,2.800116509329623,21,61.26095198884436,55,139.45096065006388,20,147.70914725069005,8,0.2974777882422975,13,10100001,-5,0
SA23,D03,R01,0,2.8299264807974693,21,22.42909647268936,20,202.30609624460203,29,136.39615063302114,7,0.3515595204698134,15,10100001,-5,0
SA23,D03,R01,0,2.8299264807974693,21,22.42909647268936,20,202.30609624460203,29,136.39615063302114,7,0.3515595204698134,15,10100001,-5,0
SA23,D03,R01,0,2.7221293876890407,20,12.565685043422269,11,172.47616148788572,25,100.19363615235297,5,0.4072628416636961,18,10100001,-5,0
SA23,D03,R01,0,2.316007685989513,17,24.11291602142806,22,132.99774826445395,19,106.68182359811809,6,0.2939029699361621,13,10100001,-5,0
SA23,D03,R01,0,2.829904912961962,21,64.6757470996329,58,178.0283561171364,25,172.64807843827356,9,0.370559404897659,16,10100001,-5,0
SA23,D03,R01,0,2.829904912961962,21,64.6757470996329,58,178.0283561171364,25,172.64807843827356,9,0.370559404897659,16,10100001,-5,0
SA23,D03,R01,0,3.709236863608411,27,67.52936221759124,61,186.07969576904347,27,228.6722437986107,12,0.4134435529798834,18,10100001,-5,0
SA23,D03,R01,0,3.709236863608411,27,67.52936221759124,61,186.07969576904347,27,228.6722437986107,12,0.4134435529798834,18,10100001,-5,0
SA23,D03,R01,0,2.6133571551009225,19,23.909603082076117,21,164.77606771485208,24,119.59614882792404,6,0.2250921877441768,10,10100001,-5,0
SA23,D03,R01,0,2.792643665521637,21,27.71384165503576,25,147.24027784858652,21,124.95637068160472,7,0.3153943054436868,14,10100001,-5,0
SA23,D03,R01,0,2.792643665521637,21,27.71384165503576,25,147.24027784858652,21,124.95637068160472,7,0.3153943054436868,14,10100001,-5,0
SA23,D03,R01,0,2.547899285977445,19,64.6887729932241,58,132.9604194667333,19,139.21323633880968,7,0.4098850573242917,18,10100001,-5,0
SA23,D03,R01,0,2.936216682774472,22,4.783154935971779,4,180.50857244949503,26,199.2512218415644,10,0.4049282612945737,18,10100001,-5,0
SA23,D03,R01,0,2.936216682774472,22,4.783154935971779,4,180.50857244949503,26,199.2512218415644,10,0.4049282612945737,18,10100001,-5,0
SA23,D03,R01,0,2.857832362219113,21,15.573528484516943,14,203.5015449119664,29,175.64401924627697,9,0.3514696601484555,15,10100001,-5,0
SA23,D03,R01,0,2.751472772351598,20,17.897819849385954,16,186.106120114003,27,100.64583897146574,5,0.3287201724757204,14,10100001,-5,0
SA23,D03,R01,0,2.630928248216896,19,23.941199464624432,21,155.98243215108133,22,126.3470197011844,7,0.3648839442654397,16,10100001,-5,0
SA23,D03,R01,0,2.597503519946184,19,21.57403450894906,19,193.74100756542595,28,129.1663104859444,7,0.3774508426320754,17,10100001,-5,0
SA23,D03,R01,0,2.561612603587704,19,24.242464358653457,22,153.40596133228465,22,121.6559215151006,6,0.3839961107094883,17,10100001,-5,0
SA23,D03,R01,0,2.6377949192711725,20,25.612120386596565,23,145.5281006667036,21,137.83618607772047,7,0.3340993289367174,15,10100001,-5,0
SA23,D03,R01,0,2.6377949192711725,20,25.612120386596565,23,145.5281006667036,21,137.83618607772047,7,0.3340993289367174,15,10100001,-5,0
SA23,D03,R01,0,2.6672680494573937,20,29.044874252718337,26,149.83697018684427,21,145.65181521393455,8,0.255668252195708,11,10100001,-5,0
SA23,D03,R01,0,2.6672680494573937,20,29.044874252718337,26,149.83697018684427,21,145.65181521393455,8,0.255668252195708,11,10100001,-5,0
SA23,D03,R01,0,2.516164780986755,19,14.571862642008565,13,151.12002713293936,22,106.83579102639764,6,0.3386221935395408,15,10100001,-5,0
SA23,D03,R01,0,3.068348807469072,23,17.52509564494824,16,232.2900943460552,33,149.78028342597273,8,0.3740122717942651,16,10100001,-5,0
SA23,D03,R01,0,3.068348807469072,23,17.52509564494824,16,232.2900943460552,33,149.78028342597273,8,0.3740122717942651,16,10100001,-5,0
SA23,D03,R01,0,2.914758839389097,22,20.099237698500392,18,200.9390900787753,29,124.52049069727768,6,0.3361717084084239,15,10100001,-5,0
SA23,D03,R01,0,2.895469441408908,21,17.287647013417434,15,169.72918930918232,24,189.5206765630908,10,0.4293544461001247,19,10100001,-5,0
SA23,D03,R01,0,2.7691235154729577,20,33.56203584589252,30,156.76205891443033,22,126.43329000000584,7,0.4575067059899585,20,10100001,-5,0
SA23,D03,R01,0,2.775752774797654,21,61.84014169210445,55,156.76205891443033,22,143.22684366484185,7,0.4116407318189232,18,10100001,-5,0
SA23,D03,R01,0,2.775752774797654,21,61.84014169210445,55,156.76205891443033,22,143.22684366484185,7,0.4116407318189232,18,10100001,-5,0
SA23,D03,R01,0,3.007771915310609,22,74.4054883772945,67,153.77793990558962,22,205.2140643987838,11,0.5340167072432646,23,10100001,-5,0
SA23,D03,R01,0,3.007771915310609,22,74.4054883772945,67,153.77793990558962,22,205.2140643987838,11,0.5340167072432646,23,10100001,-5,0
SA23,D04,R01,0,3.1684624114441338,23,68.589168930234,61,171.94351001290272,25,196.4531870112793,10,0.6090359671037097,27,10100001,-5,0
SA23,D04,R01,0,3.1684624114441338,23,68.589168930234,61,171.94351001290272,25,196.4531870112793,10,0.6090359671037097,27,10100001,-5,0
SA23,D04,R01,0,4.457592673886777,33,76.75043570924129,69,183.4598824267196,26,361.352014014732,19,1.104430986087321,49,10100001,-5,0
SA23,D04,R01,0,4.457592673886777,33,76.75043570924129,69,183.4598824267196,26,361.352014014732,19,1.104430986087321,49,10100001,-5,0
SA23,D04,R01,0,4.088472415151303,30,24.88753786176153,22,224.82758578583707,32,295.0369136758694,15,0.8194165681577569,36,10100001,-5,0
SA23,D04,R01,0,3.639101159761372,27,22.959351873234947,21,204.5557726620116,29,263.84998223658374,14,0.925358870066362,41,10100001,-5,0
SA23,D04,R01,0,4.021726729735858,30,78.19543190436538,70,228.59979367301088,33,283.8868689977186,15,0.6329612575071825,28,10100001,-5,0
SA23,D04,R01,0,4.021726729735858,30,78.19543190436538,70,228.59979367301088,33,283.8868689977186,15,0.6329612575071825,28,10100001,-5,0
SA23,D04,R01,0,4.010687854399752,30,79.94114710218884,72,219.5310782706787,31,316.519353529337,17,1.174939483397892,52,10100001,-5,0
SA23,D04,R01,0,4.010687854399752,30,79.94114710218884,72,219.5310782706787,31,316.519353529337,17,1.174939483397892,52,10100001,-5,0
SA23,D04,R01,0,3.852285444955249,28,18.60881439693458,17,287.7188590695782,41,267.6501251017589,14,0.9915442470613778,44,10100001,-5,0
SA23,D04,R01,0,3.9841720230161215,29,79.02773726681232,71,249.0245295481953,36,319.2619010122111,17,0.98596674008938,43,10100001,-5,0
SA23,D04,R01,0,3.9841720230161215,29,79.02773726681232,71,249.0245295481953,36,319.2619010122111,17,0.98596674008938,43,10100001,-5,0
SA23,D04,R01,0,3.7760023794651616,28,77.58532297955709,70,227.6690279739622,33,277.30682943596406,14,0.8687188892138862,38,10100001,-5,0
SA23,D04,R01,0,3.826578131348228,28,11.56418203226075,10,294.37470993910506,42,243.216982997235,13,0.7164155116114199,32,10100001,-5,0
SA23,D04,R01,0,3.8489349873840912,28,43.73885442079394,39,226.558002887686,32,198.64547458778532,10,0.8333094891340938,37,10100001,-5,0
SA23,D04,R01,0,3.854809736610712,28,20.92532298681329,19,286.10121907349804,41,329.82051381354125,17,0.92586787676324,41,10100001,-5,0
SA23,D04,R01,0,3.895757392238342,29,25.113192745922603,23,235.62113570274903,34,272.53738079929127,14,0.873275818543798,38,10100001,-5,0
SA23,D04,R01,0,3.895757392238342,29,25.113192745922603,23,235.62113570274903,34,272.53738079929127,14,0.873275818543798,38,10100001,-5,0
SA23,D04,R01,0,3.848332348593917,28,38.58308659714733,35,238.99305837268733,34,176.68285577113318,9,0.8691847777542749,38,10100001,-5,0
SA23,D04,R01,0,3.669416148130934,27,15.903666546938782,14,219.7494410154027,31,238.5345291942672,12,0.6854959729282118,30,10100001,-5,0
SA23,D04,R01,0,3.669416148130934,27,15.903666546938782,14,219.7494410154027,31,238.5345291942672,12,0.6854959729282118,30,10100001,-5,0
SA23,D04,R01,0,3.833331121913991,28,26.743796549514254,24,234.54282632934013,34,232.51345329345844,12,0.9020733202341308,40,10100001,-5,0
SA23,D04,R01,0,4.035611890417378,30,22.69070082040156,20,263.05660942426675,38,232.76816577349,12,1.2373575598342543,54,10100001,-5,0
SA23,D04,R01,0,4.48209634234588,33,22.686172792798622,20,298.4194735130762,43,340.05185114022566,18,1.0941687426525628,48,10100001,-5,0
SA23,D04,R01,0,4.48209634234588,33,22.686172792798622,20,298.4194735130762,43,340.05185114022566,18,1.0941687426525628,48,10100001,-5,0
SA23,D04,R01,0,3.887074025847961,29,11.124405690883297,10,212.5112407880825,30,243.86961520154895,13,1.1473022508843094,50,10100001,-5,0
SA23,D04,R01,0,4.173831323846458,31,13.581418636670447,12,254.89963461365969,37,198.1598307241928,10,0.7577237111663402,33,10100001,-5,0
SA23,D04,R01,0,4.173831323846458,31,13.581418636670447,12,254.89963461365969,37,198.1598307241928,10,0.7577237111663402,33,10100001,-5,0
SA23,D04,R01,0,4.0245997259481054,30,19.505889408776515,17,280.7011547279593,40,166.5812647666934,9,0.8838316763052368,39,10100001,-5,0
SA23,D04,R01,0,4.0245997259481054,30,19.505889408776515,17,280.7011547279593,40,166.5812647666934,9,0.8838316763052368,39,10100001,-5,0
SA23,D04,R01,0,3.895769142533225,29,81.64159327398961,73,245.04897699741875,35,289.3973071663851,15,0.7202474829225466,32,10100001,-5,0
SA23,D04,R01,0,3.966323230739412,29,13.579140036890106,12,273.710972407717,39,166.5977233552753,9,0.9256860449150652,41,10100001,-5,0
SA23,D04,R01,0,3.966323230739412,29,13.579140036890106,12,273.710972407717,39,166.5977233552753,9,0.9256860449150652,41,10100001,-5,0
SA23,D04,R01,0,4.137900784261341,31,27.81484374508323,25,297.0491826896487,43,231.58702064625425,12,0.8300490129315188,37,10100001,-5,0
SA23,D04,R01,0,4.137900784261341,31,27.81484374508323,25,297.0491826896487,43,231.58702064625425,12,0.8300490129315188,37,10100001,-5,0
SA23,D04,R01,0,3.928687512552896,29,25.69892170579969,23,224.40675635600095,32,258.5395680920451,13,1.3835353589790835,61,10100001,-5,0
SA23,D04,R01,0,4.562959830744973,34,13.47633362664268,12,239.71626577879107,34,233.75838551051925,12,1.0548336652446375,46,10100001,-5,0
SA23,D04,R01,0,4.562959830744973,34,13.47633362664268,12,239.71626577879107,34,233.75838551051925,12,1.0548336652446375,46,10100001,-5,0
SA23,D04,R01,0,4.1991351735869005,31,17.076168032933335,15,231.89135518192657,33,258.7483978006477,13,1.2221379933037166,54,10100001,-5,0
SA23,D04,R01,0,4.081625652696484,30,21.05447759311928,19,244.5794472407336,35,318.79530848475144,17,0.9875020027192716,43,10100001,-5,0
SA23,D04,R01,0,4.104444671871351,30,22.000102246532908,20,239.1042800621749,34,215.4156464499516,11,1.107902454666878,49,10100001,-5,0
SA23,D04,R01,0,4.349903605478302,32,24.80088070345171,22,232.6414049227593,33,188.81370859072712,10,1.01738539005135,45,10100001,-5,0
SA23,D04,R01,0,4.372554422501152,32,5.692460062830405,5,227.9351352279245,33,261.9830591118938,14,0.8717349294366983,38,10100001,-5,0
SA23,D04,R01,0,4.372554422501152,32,5.692460062830405,5,227.9351352279245,33,261.9830591118938,14,0.8717349294366983,38,10100001,-5,0
SA23,D04,R01,0,4.319454169935349,32,9.215104289827355,8,242.62256921595096,35,244.6021548535597,13,1.011599157646574,45,10100001,-5,0
SA23,D04,R01,0,4.319454169935349,32,9.215104289827355,8,242.62256921595096,35,244.6021548535597,13,1.011599157646574,45,10100001,-5,0
SA23,D04,R01,0,3.871558845672866,29,35.396580440334404,32,230.5477782709724,33,158.0314503198412,8,0.8572011986263155,38,10100001,-5,0
SA23,D04,R01,0,3.962705319256736,29,23.728670033643983,21,258.8840814007879,37,158.517575907816,8,0.9139303486463772,40,10100001,-5,0
SA23,D05,R01,0,2.5694990639136503,19,13.788948906984688,12,120.92802027825876,17,78.66396222112826,4,0.13092675330752,6,10100001,-5,0
SA23,D05,R02,0,2.3961938559134124,18,4.670003854515649,4,123.33102946073474,18,52.347980661123295,3,0.1319729707285905,6,10100001,-5,0
SA23,D05,R03,0,2.1278236926475342,16,9.82876845535356,9,77.56497408988479,11,36.36808971631602,2,0.0987836049946947,4,10100001,-5,0
SA23,D05,R04,0,2.469077559361112,18,13.921838643736976,12,98.87043495828355,14,54.73464984566783,3,0.1851916727986522,8,10100001,-5,0
SA23,D05,R05,0,2.503750848336726,19,12.945545033088656,12,108.13323218368448,15,62.56123097345054,3,0.0510342381318856,2,10100001,-5,0
SA23,D06,R01,0,4.86522927852503,36,24.42127462939464,22,271.75084079772034,39,124.09714217764586,6,0.128259605508813,6,10100100,-1,0
SA23,D06,R02,0,4.787485083813252,35,14.3267235866721,13,314.51268550172495,45,275.4389590621017,14,1.0930668506519274,48,10100001,-5,0
SA23,D06,R03,0,5.481990110915184,41,22.657372388836503,20,292.8653598184664,42,227.61559238392655,12,1.191756315523124,52,10100001,-5,0
SA23,D06,R04,0,4.924063253633248,36,14.239678076292142,13,237.9949600854148,34,161.76016279391368,8,1.0074972437932448,44,10100001,-5,0
SA23,D06,R05,0,4.334652822071293,32,19.1460528745817,17,190.0849376167865,27,126.61247938772408,7,1.4100036040567736,62,10100001,-5,0
SA23,D07,R01,0,1.275317343319644,9,19.16386011479634,17,42.63846295537837,6,6.110422969952944,0,6.291345887358716e-05,0,10100001,-5,0
SA23,D07,R02,0,1.27961142363915,9,23.2633642906946,21,75.19563451920953,11,8.774721291379217,0,0.0021686230985282,0,10100001,-5,0
SA23,D07,R03,0,1.277230260631134,9,30.022983598841947,27,50.89270757830066,7,11.4332730999533,1,0.0001494746110252,0,10100001,-5,0
SA23,D07,R04,0,1.2886303726455803,10,24.00714758497061,22,73.54171541300627,11,9.593295055875297,1,0.0023445164062856,0,10100001,-5,0
SA23,D07,R05,0,1.2332433994254997,9,20.67181797592048,19,67.753367241799,10,8.676422020166852,0,0.0005455005238506,0,10100001,-5,0
SA23,D08,R01,0,1.8296643158757464,14,7.248753906677018,6,81.98648321146743,12,21.628650189203256,1,0.0001552552686628,0,10100001,-5,0
SA23,D08,R02,0,2.240519577802351,17,13.814966419844902,12,101.3461890549098,15,41.31898085718993,2,0.0001038007710101,0,10100001,-5,0
SA23,D08,R03,0,1.790690784677278,13,11.320351323255002,10,97.23312263840828,14,21.29898384102691,1,6.841292691154382e-05,0,10100001,-5,0
SA23,D08,R04,0,2.699526823048694,20,14.261190921248078,13,109.14628775343591,16,60.84618018261803,3,0.0002039289127907,0,10100001,-5,0
SA23,D08,R05,0,1.7953500662409998,13,10.386778825751223,9,112.97266134241826,16,16.39252702266527,1,0.0017240652359589,0,10100001,-5,0
SA23,D09,R01,0,1.4766916692840155,11,55.94012374467539,50,97.73977522411263,14,12.16902385366838,1,0.0001831480707781,0,10100001,-5,0
SA23,D09,R02,0,1.5147841175730496,11,35.67098659598779,32,66.15560577071695,9,17.376576391401066,1,9.48343890231562e-05,0,10100001,-5,0
SA23,D09,R03,0,1.300171121925519,10,37.71168277100612,34,100.35091089591717,14,14.118141978342624,1,0.0001114140513681,0,10100001,-5,0
SA23,D09,R04,0,1.3028441787495395,10,44.13834908827697,40,85.1055536814687,12,7.605328727423233,0,7.168760201648983e-05,0,10100001,-5,0
SA23,D09,R05,0,1.4720188856157297,11,52.00423135881983,47,93.60978449294308,13,15.338714273281616,1,7.326097470071779e-05,0,10100001,-5,0
SA23,D10,R01,0,1.9708957181039857,15,28.02333299373119,25,213.7735675763554,31,27.24622204744991,1,0.0195736986147081,1,10100001,-5,0
SA23,D10,R02,0,1.6723358374801134,12,42.8478153970596,38,154.55033212454512,22,22.676866034715196,1,0.0001250927397995,0,10100001,-5,0
SA23,D10,R03,0,1.9465318404934164,14,47.36346072377062,42,174.85819162925006,25,39.79419627843601,2,8.468840469586582e-05,0,10100001,-5,0
SA23,D10,R04,0,1.831064843721833,14,43.86696585817016,39,154.3693613651951,22,36.3601149414249,2,0.0002234214784742,0,10100001,-5,0
SA23,D10,R05,0,1.9613187502887883,15,50.71685673476749,45,178.5414574795109,26,41.34535601541636,2,0.0001006355032394,0,10100001,-5,0
SA23,D11,R01,0,3.874348247230792,29,16.50990052388935,15,304.2727912607813,44,105.08161901302503,5,0.0001317106295336,0,10110101,-1,0
SA23,D11,R02,0,4.046567691637916,30,38.43048491836456,34,299.0850329106798,43,153.98261569073526,8,0.0001212278742234,0,10010110,5,1
SA23,D11,R03,0,3.860545116139688,29,10.97781664548164,10,359.3239436992199,51,160.21376765395212,8,0.0002131835313285,0,10110111,1,1
SA23,D11,R04,0,2.7814968728214717,21,21.733122743702484,19,243.9398894001165,35,50.92691492739099,3,0.0004079455952596,0,10110101,-1,0
SA23,D11,R05,0,3.54275340442576,26,27.461429294188047,25,400.9727665516651,57,100.78933960198268,5,0.0003485571497992,0,10110111,1,1
SA23,D12,R01,0,1.534887858217885,11,104.37497271746822,94,81.9892321558773,12,29.759630807129778,2,0.000430086831652,0,10000001,-3,0
SA23,D12,R02,0,1.2677571738914062,9,90.86323740265892,81,73.28767000068363,10,12.787328002238896,1,0.0002644783174147,0,10000001,-3,0
SA23,D12,R03,0,1.1658242226699798,9,89.77427499266047,80,67.91337157858693,10,12.01884410706171,1,0.0002198229794689,0,10000001,-3,0
SA23,D12,R04,0,1.0869767958367371,8,1.398482070193278,1,41.095882186401646,6,21.925110372134384,1,0.0013146182546019,0,10100001,-5,0
SA23,D12,R05,0,1.2643524176956409,9,63.91372362130984,57,74.08614610085289,11,22.539363833928896,1,0.0006005876015823,0,10100001,-5,0
SA23,D13,R01,0,1.2762980716032306,9,101.15716065856,91,111.19989070286628,16,13.433935521001317,1,0.0002618695093972,0,10000001,-3,0
SA23,D13,R02,0,1.4791540584116398,11,99.327862783857,89,119.36569841705555,17,27.24986581069933,1,0.0003164237734372,0,10000001,-3,0
SA23,D13,R03,0,1.2373998736324587,9,72.75598198503232,65,128.44031832032303,18,20.900075682093046,1,0.001049709422832,0,10000001,-3,0
SA23,D13,R04,0,1.7590013340982362,13,95.59354534829072,86,125.00360602899514,18,40.33762502434541,2,0.0004144237388379,0,10000001,-3,0
SA23,D13,R05,0,1.3829724925099065,10,90.01176267397818,81,120.45035638669388,17,16.997537258142525,1,0.0011720171672857,0,10000001,-3,0
SA23,D14,R01,0,1.3422559372103977,10,12.360535085030373,11,123.01020605690712,18,22.309996418866103,1,0.0005752576389519,0,10100001,-5,0
SA23,D14,R02,0,1.1319298824525583,8,61.842843436525335,55,131.5868284741923,19,9.872557286653729,1,0.0010904563116598,0,10100001,-5,0
SA23,D14,R03,0,1.265371791800487,9,68.72434108275125,62,138.22102124070662,20,14.357314610615823,1,0.0012411008935533,0,10000001,-3,0
SA23,D14,R04,0,1.470463179712646,11,21.3804365872,19,69.76470545112537,10,31.980105931732812,2,0.0004457575192008,0,10100001,-5,0
SA23,D14,R05,0,1.7082286275394498,13,69.85798490163123,63,79.27639795506525,11,31.233081745807656,2,0.0006972347336489,0,10000001,-3,0
SA23,D15,R01,0,1.1733129199015122,9,38.57506032841105,35,54.23117030903833,8,18.85712317117305,1,0.0006592881470178,0,10100001,-5,0
SA23,D15,R02,0,1.32873377591812,10,32.122594025840215,29,35.800019884103975,5,10.979370740991843,1,0.0032769311573972,0,10100001,-5,0
SA23,D15,R03,0,1.1984614363646104,9,31.539191892042066,28,38.918228756569135,6,10.469351640863245,1,0.0025394164541804,0,10100001,-5,0
SA23,D15,R04,0,1.4326621206527117,11,33.69854353676973,30,34.640986728457214,5,7.964137840982399,0,0.0029626262206111,0,10100001,-5,0
SA23,D15,R05,0,1.1910539950567418,9,21.38140067110569,19,38.02103234156255,5,6.807891395075449,0,0.0004779193042972,0,10100001,-5,0
SA23,D16,R01,0,1.142556423405016,8,9.90882694526594,9,58.877322331364105,8,16.929764354734633,1,0.0005915354770971,0,10100001,-5,0
SA23,D16,R02,0,1.1155815051920512,8,5.626658214862131,5,25.39729984285308,4,11.163329280902978,1,0.0001279470671437,0,10100001,-5,0
SA23,D16,R03,0,1.1401767633826838,8,8.757719815211653,8,31.2620974013355,4,14.17222698887317,1,8.807033018613603e-05,0,10100001,-5,0
SA23,D16,R04,0,1.1263216520458033,8,4.401608254276369,4,25.0927248611173,4,13.832993662973102,1,0.0001253112705867,0,10100001,-5,0
SA23,D16,R05,0,1.1551541470797848,9,6.095582734913334,5,34.89086865460897,5,13.45732236808983,1,0.0007266789619267,0,10100001,-5,0
SA23,D17,R01,0,1.40829928806544,10,24.607097961723564,22,114.4180804035858,16,29.81836273300238,2,0.0062013393941849,0,10100001,-5,0
SA23,D17,R02,0,1.8476438622734837,14,11.488350368916327,10,66.91137505527588,10,92.71369534714007,5,0.0129516040967332,1,10100001,-5,0
SA23,D17,R03,0,1.621851291372956,12,26.50920102048332,24,125.65152426776874,18,31.09493419416878,2,0.0038158969761692,0,10100001,-5,0
SA23,D17,R04,0,1.4245499820529948,11,13.61331293104751,12,53.63080375893837,8,17.036621767674596,1,0.0078843979286082,0,10100001,-5,0
SA23,D17,R05,0,1.4026973352983618,10,19.61754234388352,18,81.58396073156301,12,66.8815208143671,3,0.0066985564995816,0,10100001,-5,0
SA23,D18,R01,0,5.781752775857233,43,5.549198301538667,5,302.4398724840718,43,335.8055732339464,18,0.1342702331168959,6,10100100,-1,0
SA23,D18,R02,0,3.1817383396980787,24,12.153242346504369,11,163.78000324868705,23,125.1015519108252,7,0.1239444757652251,5,10100001,-5,0
SA23,D18,R03,0,4.879630213000264,36,2.631884798983124,2,237.8663844644641,34,234.5922408183841,12,0.1201095251399003,5,10100101,-3,0
SA23,D18,R04,0,5.855900011219988,43,19.382151582651392,17,340.5897021596924,49,302.5610401166517,16,0.102219637991281,4,10100110,1,1
SA23,D18,R05,0,6.397442974449098,47,21.54295621865134,19,384.0536899037272,55,322.5361108862382,17,0.1303549593739698,6,10100110,1,1
SA23,D19,R01,0,5.486785272094244,41,7.510398411001067,7,268.8650661142622,39,230.4808097971248,12,0.000345870695305,0,10110100,1,1
SA23,D19,R02,0,5.402695385790376,40,6.187069449603077,6,408.430086585189,58,405.8758109666398,21,0.0001724233686124,0,10110110,3,1
SA23,D19,R03,0,5.671700130740947,42,7.362613461070383,7,358.5766237611382,51,309.0737338976215,16,0.0002740217661559,0,10110110,3,1
SA23,D19,R04,0,5.275746022483456,39,6.682052499083669,6,271.34707979160123,39,241.4465531903363,13,0.000176610792052,0,10110100,1,1
SA23,D19,R05,0,4.6406595248084415,34,9.86950144035704,9,219.87058370025028,31,244.09789659760656,13,0.0005289833602961,0,10100101,-3,0
SA23,F01,R01,1,14.966877288582424,111,99.58797990199096,89,709.7056427017765,102,2653.321643328692,127,0.0001855377072925,0,10010110,5,1
SA23,F01,R02,1,7.609806119075694,56,114.62360849196764,103,394.5074215859901,57,646.7990695833394,34,0.0007182968337908,0,10010110,5,1
SA23,F01,R03,1,2.9139551546917613,22,112.99064664064836,101,247.8669933568781,35,61.84242248599578,3,0.0014023081590146,0,10010110,5,1
SA23,F01,R04,1,2.925885553881775,22,98.939050873855,89,218.48446192477428,31,87.84203795500103,5,0.0016220381761245,0,10010110,5,1
SA23,F01,R05,1,4.91792220986716,36,104.35971955415444,94,250.34431499407447,36,366.48545702323577,19,0.0006066170920548,0,10010110,5,1
SA23,F02,R01,1,5.180856886285499,38,39.70228802648527,36,276.19752967088493,40,112.6620908661586,6,0.0085493649750754,0,10010110,5,1
SA23,F02,R02,1,4.032654037229623,30,47.23142760406219,42,234.4986033352292,34,90.95663816632316,5,0.0022442038961394,0,10010100,3,1
SA23,F02,R03,1,5.812293920657935,43,32.864653884451485,29,274.08230231546315,39,168.5989215981766,9,0.0055129011453163,0,10010110,5,1
SA23,F02,R04,1,4.378817391493607,32,25.383624434536987,23,236.6687747084619,34,79.77371703643384,4,0.0020011797173814,0,10110100,1,1
SA23,F02,R05,1,4.488556616879159,33,29.16552207796325,26,277.20447858141614,40,127.72626886389573,7,0.0046319792997713,0,10110100,1,1
SA23,F03,R01,1,4.332198556845877,32,38.68709879254473,35,295.8301112789775,42,143.31604915639966,7,0.0151224371161826,1,10010110,5,1
SA23,F03,R02,1,2.168605621545069,16,56.35765746720982,51,289.01809918427875,41,80.81082529534136,4,0.007457882753656,0,10010111,3,1
SA23,F03,R03,1,1.9361922249692176,14,50.17153973536229,45,275.097095352159,39,40.54167474942187,2,0.0140879212555579,1,10110001,-3,0
SA23,F03,R04,1,2.7490315899634887,20,34.69690862676422,31,316.22142456270205,45,59.03002908299042,3,0.0127306532894824,1,10110101,-1,0
SA23,F03,R05,1,3.645628016912218,27,37.7022986897824,34,295.14159929053204,42,77.73856945148606,4,0.0092334195404768,0,10010110,5,1
SA23,F04,R01,1,3.2358984561261157,24,69.9534754273982,63,404.9354108696773,58,66.55526549181675,3,0.0135438300597585,1,10010110,5,1
SA23,F04,R02,1,3.2468857149125414,24,47.07127996181801,42,295.5176354973555,42,66.69835451981754,3,0.0172993580499592,1,10010111,3,1
SA23,F04,R03,1,4.212252664521161,31,84.125020367708,75,325.80272548889644,47,117.34293420006114,6,0.0018103958443557,0,10010110,5,1
SA23,F04,R04,1,3.273600644800863,24,65.12651914927622,58,394.6595030706491,57,60.44395969081009,3,0.0425972299383365,2,10010110,5,1
SA23,F04,R05,1,7.277188588657217,54,138.994587252486,125,592.9983394261424,85,806.434548621025,42,0.0041718035957154,0,10010110,5,1
SA23,F05,R01,1,5.79817123521301,43,10.463556845017232,9,496.05560531549327,71,328.33234164661934,17,0.9722170903095648,43,10100001,-5,0
SA23,F05,R02,1,5.66426319687535,42,5.662924870461773,5,192.52571375446692,28,169.4953811345072,9,0.5669159965045587,25,10100001,-5,0
SA23,F05,R03,1,6.002606143799385,44,1.7722503864063268,2,351.033926019119,50,233.14187477020872,12,0.8296146352430127,36,10100001,-5,0
SA23,F05,R04,1,5.518802754030137,41,106.8942120415883,96,365.9928702545264,52,791.7726892132243,41,0.0013758489415943,0,10010110,5,1
SA23,F05,R05,1,4.669473802871489,35,9.413721557728264,8,299.38753910125763,43,150.21288376120455,8,0.6047946172497088,27,10100001,-5,0
SA23,F06,R01,1,5.87666849022006,43,29.026866160087284,26,290.36664605655346,42,155.816632733156,8,0.0138808439779101,1,10010110,5,1
SA23,F06,R02,1,5.797823846283971,43,44.00261156915444,39,400.152074880689,57,131.08083297045033,7,0.0070499212792835,0,10010110,5,1
SA23,F06,R03,1,6.477787504775936,48,34.50609648319146,31,376.23498135751566,54,211.62995469896407,11,0.0151389633765178,1,10010110,5,1
SA23,F06,R04,1,6.912964469660542,51,33.20006543339515,30,429.2879935014912,61,206.09272721836223,11,0.0127953046996028,1,10010110,5,1
SA23,F06,R05,1,6.563450916968384,49,52.16650404155285,47,267.8776060530316,38,205.14410499463463,11,0.0138929371510566,1,10010110,5,1
SA23,F07,R01,1,4.065882756289294,30,48.18502493884376,43,289.51512160569604,41,108.38000818049808,6,0.005633312554026,0,10010110,5,1
SA23,F07,R02,1,3.89039555987623,29,39.97697483724794,36,320.23448110235745,46,78.84728565531933,4,0.0080250458908604,0,10010110,5,1
SA23,F07,R03,1,2.862343170001033,21,33.57908829919637,30,288.83885418107303,41,71.72275393799832,4,0.0090268438294894,0,10110101,-1,0
SA23,F07,R04,1,2.7301557849968128,20,32.89883442925271,29,261.40468171693,37,62.5582346988832,3,0.0110314943072011,0,10110101,-1,0
SA23,F07,R05,1,3.883026669772442,29,21.021533884477748,19,261.1159742200642,37,99.38223219281896,5,0.0129889844680012,1,10100101,-3,0
SA23,F08,R01,1,3.797128174429575,28,96.86053095533252,87,338.9303604737272,49,80.70843016380911,4,0.0052467909410615,0,10010110,5,1
SA23,F08,R02,1,2.72482708023601,20,92.84486022472568,83,378.3145689442149,54,58.67169837517796,3,0.0006831800055455,0,10010110,5,1
SA23,F08,R03,1,2.3311281228614,17,81.58601051534522,73,365.4998691515551,52,80.8929572456938,4,0.0005268274740697,0,10010111,3,1
SA23,F08,R04,1,2.9788633249923326,22,96.41419379053872,86,243.1503506513401,35,73.80359925011976,4,0.0150671738155809,1,10010110,5,1
SA23,F08,R05,1,3.2049013748110293,24,94.819633138919,85,278.13410636909714,40,73.9195619051432,4,0.0005675876684331,0,10010110,5,1
SA23,F09,R01,1,2.672543090815493,20,87.24784323152234,78,256.5214748548557,37,42.26723701495523,2,0.0036761663584103,0,10010110,5,1
SA23,F09,R02,1,3.163843067236673,23,90.91210872090518,81,389.4603581268592,56,60.47731537476962,3,0.007772352270219,0,10010110,5,1
SA23,F09,R03,1,2.2967720268159098,17,84.6990937008581,76,280.459259318915,40,44.659761514925165,2,0.0102828706346795,0,10010111,3,1
SA23,F09,R04,1,2.855938957523701,21,79.58092148231756,71,366.98095112602346,53,66.63450376739652,3,0.0085555195369926,0,10010110,5,1
SA23,F09,R05,1,4.034297766858526,30,62.65549298121663,56,466.154414547266,67,134.87589461976074,7,0.0128908131018498,1,10010110,5,1
SA23,F10,R01,1,2.6989247759596897,20,101.2561664006136,91,336.029882813692,48,49.39942517902227,3,0.0007227581394581,0,10010110,5,1
SA23,F10,R02,1,5.50007074483976,41,117.03312385252708,105,338.5901624228091,48,551.5496148142845,29,0.0009621741077769,0,10010110,5,1
SA23,F10,R03,1,3.474782286485955,26,99.47436323007936,89,408.0243837270108,58,78.71788607126592,4,0.002428296765261,0,10010110,5,1
SA23,F10,R04,1,3.0389997382658143,22,102.03607909209016,91,362.176348018356,52,62.69399196226466,3,0.0005478025514207,0,10010110,5,1
SA23,F10,R05,1,2.93613093511922,22,98.40129604341466,88,349.8102868173532,50,59.11485982282265,3,0.0017178914023281,0,10010110,5,1
SA23,F11,R01,1,4.3515695130105065,32,0.2179958716702251,0,375.1326316491289,54,115.4004670401383,6,0.0070456266897712,0,10110110,3,1
SA23,F11,R02,1,4.949503925781666,37,5.705978240598806,5,402.0432627885056,58,156.16480891007382,8,0.0062142820622451,0,10110110,3,1
SA23,F11,R03,1,4.329579023023089,32,10.116520356316084,9,314.2810670678216,45,121.68857110893208,6,0.0109388669140305,0,10110100,1,1
SA23,F11,R04,1,2.65431052815657,20,25.261964521988972,23,293.5141636332568,42,49.71242872126345,3,0.0022665521444682,0,10110101,-1,0
SA23,F11,R05,1,4.539991904096065,34,6.076713203672469,5,343.84165972329384,49,125.6323053969608,7,0.01553337125727,1,10110110,3,1
SA23,F12,R01,1,3.0580873423366075,23,36.93560228800975,33,235.09504656045613,34,59.1870571611155,3,0.0046644108806873,0,10110101,-1,0
SA23,F12,R02,1,3.843474091342404,28,31.851129314168126,29,288.7192505300448,41,92.71385687093776,5,0.0033563185288857,0,10110100,1,1
SA23,F12,R03,1,3.402132958453004,25,34.955286303446606,31,326.1036887251389,47,76.52752180180057,4,0.0024344810823435,0,10110111,1,1
SA23,F12,R04,1,2.825731138966792,21,49.127698449823086,44,332.03835199277864,48,65.72203480641888,3,0.0047468091617314,0,10010111,3,1
SA23,F12,R05,1,3.48947085678496,26,34.881345800588605,31,293.60484686441373,42,81.66097771965872,4,0.0074317362724507,0,10110111,1,1
SA23,F13,R01,1,3.4513260656345013,26,99.12890704482504,89,274.5526666271883,39,89.02060597630862,5,0.0004793299949285,0,10010110,5,1
SA23,F13,R02,1,2.246419813289373,17,99.05224424913172,89,270.90859590060995,39,71.65879132975543,4,0.0011163441275711,0,10010110,5,1
SA23,F13,R03,1,1.8196837030915225,13,48.03173704249058,43,145.93327168990442,21,28.44398491455746,1,0.0662111846768933,3,10100001,-5,0
SA23,F13,R04,1,2.2880023675652907,17,101.50399283305282,91,348.65233422768125,50,39.99175489413509,2,0.0046136387498484,0,10010110,5,1
SA23,F13,R05,1,3.2779396433833345,24,95.80777415720132,86,336.2399779921469,48,68.7949301520606,4,0.0014845607643646,0,10010110,5,1
SA23,F14,R01,1,2.3394296117222946,17,112.59611835072124,101,133.0406389326181,19,52.99536189750476,3,0.0001508320557198,0,10000000,-1,0
SA23,F14,R02,1,2.7453740833303346,20,79.22782877872392,71,101.94753141880312,15,52.8170401920856,3,0.000233923666946,0,10000001,-3,0
SA23,F14,R03,1,2.909789196650732,22,83.06052297417635,74,126.3446162729808,18,62.00455960187594,3,0.0004782470509091,0,10000000,-1,0
SA23,F14,R04,1,2.774169137651285,21,82.11100407054165,74,153.91544082231243,22,55.423179618270346,3,0.0005136627149398,0,10000000,-1,0
SA23,F14,R05,1,2.534882376385416,19,85.45329095807037,77,111.02739506607472,16,48.58863486285685,3,0.001742338013821,0,10000001,-3,0
SA23,F15,R01,1,2.740787681353266,20,90.126737966548,81,302.469666946366,43,82.80750886030322,4,0.0017017988000943,0,10010110,5,1
SA23,F15,R02,1,2.629695507452158,19,80.7016559706999,72,196.0798543588869,28,56.366459274471616,3,0.0011676973837025,0,10010001,-1,0
SA23,F15,R03,1,2.1240555403464767,16,73.32306272478175,66,193.9110352035621,28,73.23369409962952,4,0.0019705670863407,0,10010001,-1,0
SA23,F15,R04,1,2.616878479890808,19,76.72247525979616,69,316.455019029854,45,58.995142042348725,3,0.002607667501088,0,10010111,3,1
SA23,F15,R05,1,3.9125847072998794,29,101.55267097383772,91,414.7180011056372,59,353.7736607181663,18,0.0033194567135535,0,10010110,5,1
SE12,D01,R01,0,1.981423894428969,15,26.451922735034007,24,91.33833130650952,13,33.9025571422884,2,0.0571293221123152,3,10100001,-5,0
SE12,D01,R01,0,1.981423894428969,15,26.451922735034007,24,91.33833130650952,13,33.9025571422884,2,0.0571293221123152,3,10100001,-5,0
SE12,D01,R01,0,1.8428684001929403,14,17.387870862754212,16,54.12015216824679,8,27.202320462661334,1,0.0617822933233198,3,10100001,-5,0
SE12,D01,R01,0,1.807125146177019,13,19.30063666617652,17,88.62367740123065,13,36.43040249811094,2,0.0803972102720218,4,10100001,-5,0
SE12,D01,R01,0,1.855189123666456,14,6.403827543546065,6,64.95167357085103,9,25.25778299563899,1,0.060366286724549,3,10100001,-5,0
SE12,D01,R01,0,1.855189123666456,14,6.403827543546065,6,64.95167357085103,9,25.25778299563899,1,0.060366286724549,3,10100001,-5,0
SE12,D01,R01,0,1.822578558674238,13,10.013294748068786,9,43.56939811492625,6,23.855530627282697,1,0.0540877776267161,2,10100001,-5,0
SE12,D01,R01,0,1.822578558674238,13,10.013294748068786,9,43.56939811492625,6,23.855530627282697,1,0.0540877776267161,2,10100001,-5,0
SE12,D01,R01,0,1.8003914301500694,13,19.002823695435296,17,60.03917597286544,9,22.718198834402827,1,0.0594563966132772,3,10100001,-5,0
SE12,D01,R01,0,1.8003914301500694,13,19.002823695435296,17,60.03917597286544,9,22.718198834402827,1,0.0594563966132772,3,10100001,-5,0
SE12,D01,R01,0,1.7224657987125245,13,19.239398534968636,17,55.78549841722505,8,22.716159084391307,1,0.0526288302542319,2,10100001,-5,0
SE12,D01,R01,0,4.599343559861628,34,116.29916768715869,104,157.6690489240034,23,639.2052610987748,33,0.0601416989920352,3,10000100,1,1
SE12,D01,R01,0,4.599343559861628,34,116.29916768715869,104,157.6690489240034,23,639.2052610987748,33,0.0601416989920352,3,10000100,1,1
SE12,D01,R01,0,1.8859826462595533,14,19.04502395380646,17,71.0868056542267,10,32.33286401803501,2,0.0909068404984753,4,10100001,-5,0
SE12,D01,R01,0,1.8859826462595533,14,19.04502395380646,17,71.0868056542267,10,32.33286401803501,2,0.0909068404984753,4,10100001,-5,0
SE12,D01,R01,0,1.7693027239300374,13,13.285504112346011,12,70.66579644736508,10,24.783412211013943,1,0.0740742836516308,3,10100001,-5,0
SE12,D01,R01,0,1.7759223368391917,13,17.982470315386934,16,79.59780038952641,11,26.940548446511198,1,0.0685610943592385,3,10100001,-5,0
SE12,D01,R01,0,1.8723329012662415,14,22.496208447542728,20,64.27146859269811,9,25.61547118838181,1,0.0807323962029203,4,10100001,-5,0
SE12,D01,R01,0,1.8723329012662415,14,22.496208447542728,20,64.27146859269811,9,25.61547118838181,1,0.0807323962029203,4,10100001,-5,0
SE12,D01,R01,0,1.815049056133711,13,15.946549187112238,14,57.4555149281567,8,24.13373050228236,1,0.0677739743484217,3,10100001,-5,0
SE12,D01,R01,0,1.815049056133711,13,15.946549187112238,14,57.4555149281567,8,24.13373050228236,1,0.0677739743484217,3,10100001,-5,0
SE12,D01,R01,0,1.8946319238715277,14,21.59305173880582,19,65.68205260783645,9,27.49465765241004,1,0.075190897723079,3,10100001,-5,0
SE12,D01,R01,0,1.8946319238715277,14,21.59305173880582,19,65.68205260783645,9,27.49465765241004,1,0.075190897723079,3,10100001,-5,0
SE12,D01,R01,0,1.851039120384902,14,29.32977395537295,26,104.23142883638614,15,30.540387543493573,2,0.0851008912051848,4,10100001,-5,0
SE12,D01,R01,0,1.954593198164902,14,28.316568604778308,25,90.4887309434776,13,23.941026710884607,1,0.101365132877814,4,10100001,-5,0
SE12,D01,R01,0,1.954593198164902,14,28.316568604778308,25,90.4887309434776,13,23.941026710884607,1,0.101365132877814,4,10100001,-5,0
SE12,D01,R01,0,1.919320742934284,14,20.9366759194404,19,90.01338534688551,13,28.89209036372944,2,0.0876419765905775,4,10100001,-5,0
SE12,D01,R01,0,1.910108319950812,14,25.687847332677773,23,72.15785677092725,10,35.1599560039332,2,0.0882002137477254,4,10100001,-5,0
SE12,D01,R01,0,1.910108319950812,14,25.687847332677773,23,72.15785677092725,10,35.1599560039332,2,0.0882002137477254,4,10100001,-5,0
SE12,D01,R01,0,1.8602364732281012,14,25.545499328633987,23,83.03798800239916,12,23.751271470959257,1,0.0846443264281063,4,10100001,-5,0
SE12,D01,R01,0,1.8602364732281012,14,25.545499328633987,23,83.03798800239916,12,23.751271470959257,1,0.0846443264281063,4,10100001,-5,0
SE12,D01,R01,0,1.872039492198699,14,16.410158496336294,15,69.97501655481653,10,25.295294817871472,1,0.1025485853790158,5,10100001,-5,0
SE12,D01,R01,0,1.872039492198699,14,16.410158496336294,15,69.97501655481653,10,25.295294817871472,1,0.1025485853790158,5,10100001,-5,0
SE12,D01,R01,0,1.849026645598384,14,24.89359331631105,22,80.36673106407592,12,24.917040204733134,1,0.0780859553330385,3,10100001,-5,0
SE12,D01,R01,0,1.7958089568688291,13,16.32551984659696,15,48.36831073445689,7,24.054977789745323,1,0.0682807504037737,3,10100001,-5,0
SE12,D01,R01,0,1.81850936713545,13,27.75394357761228,25,73.0721598228219,10,25.855666477999417,1,0.0783176814928453,3,10100001,-5,0
SE12,D01,R01,0,1.8242898473832565,13,17.876589627693278,16,81.81054078561839,12,26.13727150768144,1,0.0714101713845775,3,10100001,-5,0
SE12,D01,R01,0,1.8242898473832565,13,17.876589627693278,16,81.81054078561839,12,26.13727150768144,1,0.0714101713845775,3,10100001,-5,0
SE12,D01,R01,0,1.796446110499752,13,7.024763397670116,6,55.93381736396844,8,24.550290362664427,1,0.0568368754441969,3,10100001,-5,0
SE12,D01,R01,0,1.9484514396554289,14,27.855441839434068,25,94.67318102396464,14,32.557254928017755,2,0.1133696321910606,5,10100001,-5,0
SE12,D01,R01,0,1.9484514396554289,14,27.855441839434068,25,94.67318102396464,14,32.557254928017755,2,0.1133696321910606,5,10100001,-5,0
SE12,D01,R01,0,1.9106394774762256,14,26.18579285392314,23,88.58505990198984,13,22.95703315480675,1,0.0795392882652496,3,10100001,-5,0
SE12,D01,R01,0,1.7883501925329983,13,18.066988855882997,16,71.6680096252794,10,18.537854709099346,1,0.077694747226338,3,10100001,-5,0
SE12,D01,R01,0,1.993466195023915,15,27.92193382251749,25,100.43414245125612,14,34.44454448546623,2,0.0866265644549787,4,10100001,-5,0
SE12,D01,R01,0,1.993466195023915,15,27.92193382251749,25,100.43414245125612,14,34.44454448546623,2,0.0866265644549787,4,10100001,-5,0
SE12,D01,R01,0,1.991210698029044,15,27.327647578756228,24,89.16033089861942,13,33.760116215601734,2,0.145168009474097,6,10100001,-5,0
SE12,D01,R01,0,1.9513038384428687,14,22.7413164039976,20,68.63473202361068,10,25.12461155562349,1,0.1334765797270218,6,10100001,-5,0
SE12,D01,R01,0,1.9394442739601656,14,31.402709726633837,28,77.7430016796347,11,28.219005410065414,1,0.1313550607062122,6,10100001,-5,0
SE12,D01,R01,0,1.926593230188816,14,25.75100163487912,23,68.84608706586637,10,32.76348450493827,2,0.1436792423476645,6,10100001,-5,0
SE12,D02,R01,0,2.015095012687057,15,13.224725880446671,12,122.70710977981636,18,35.77851767993181,2,0.2703900306778227,12,10100001,-5,0
SE12,D02,R01,0,2.015095012687057,15,13.224725880446671,12,122.70710977981636,18,35.77851767993181,2,0.2703900306778227,12,10100001,-5,0
SE12,D02,R01,0,1.979582518674629,15,15.03173221864856,13,92.78496118551608,13,44.0207722052385,2,0.2081641819488998,9,10100001,-5,0
SE12,D02,R01,0,1.9465749543067623,14,39.81534441770192,36,121.4661869772827,17,37.5035404503453,2,0.2294824720479671,10,10100001,-5,0
SE12,D02,R01,0,1.9518980521173168,14,18.64569070544848,17,110.66268004399863,16,35.16712757948084,2,0.2354989022492438,10,10100001,-5,0
SE12,D02,R01,0,1.9518980521173168,14,18.64569070544848,17,110.66268004399863,16,35.16712757948084,2,0.2354989022492438,10,10100001,-5,0
SE12,D02,R01,0,2.0815511582974304,15,14.9983191345774,13,80.98935171178016,12,37.84535638326831,2,0.2435723836069444,11,10100001,-5,0
SE12,D02,R01,0,2.1724018583089952,16,10.568360753395591,9,109.8701474905148,16,47.0985587761771,2,0.3296214858456999,15,10100001,-5,0
SE12,D02,R01,0,2.1724018583089952,16,10.568360753395591,9,109.8701474905148,16,47.0985587761771,2,0.3296214858456999,15,10100001,-5,0
SE12,D02,R01,0,2.2370163037759414,17,17.783794583651588,16,91.68165158482832,13,44.85707157002721,2,0.3231735046022731,14,10100001,-5,0
SE12,D02,R01,0,2.2370163037759414,17,17.783794583651588,16,91.68165158482832,13,44.85707157002721,2,0.3231735046022731,14,10100001,-5,0
SE12,D02,R01,0,2.1777895522718387,16,47.30793731692048,42,142.0140146010365,20,48.280791178183776,3,0.258503658343885,11,10100001,-5,0
SE12,D02,R01,0,2.3293470209364067,17,11.368916347587554,10,125.04018197337588,18,42.698408891213326,2,0.3277194521711519,14,10100001,-5,0
SE12,D02,R01,0,2.3293470209364067,17,11.368916347587554,10,125.04018197337588,18,42.698408891213326,2,0.3277194521711519,14,10100001,-5,0
SE12,D02,R01,0,2.206049283761089,16,12.36384824624569,11,131.4488131324813,19,37.06364394454127,2,0.3127855795096799,14,10100001,-5,0
SE12,D02,R01,0,2.0618007514954466,15,45.03820377423704,40,138.87381289701807,20,41.0018600073371,2,0.2953156675040103,13,10100001,-5,0
SE12,D02,R01,0,2.056287251514775,15,12.638404339664335,11,89.12760964675266,13,38.912070948419554,2,0.31340425944605,14,10100001,-5,0
SE12,D02,R01,0,2.154568666275297,16,13.943835765994194,12,128.53763357087092,18,39.81587068571963,2,0.3288939079411609,14,10100001,-5,0
SE12,D02,R01,0,2.1927288232663,16,11.66915001525054,10,124.8944850474491,18,41.48604559808442,2,0.3320898039957359,15,10100001,-5,0
SE12,D02,R01,0,2.1927288232663,16,11.66915001525054,10,124.8944850474491,18,41.48604559808442,2,0.3320898039957359,15,10100001,-5,0
SE12,D02,R01,0,2.114378469781738,16,57.92381503711184,52,152.42876224022913,22,67.8454693544574,4,0.2786203389038679,12,10100001,-5,0
SE12,D02,R01,0,2.114378469781738,16,57.92381503711184,52,152.42876224022913,22,67.8454693544574,4,0.2786203389038679,12,10100001,-5,0
SE12,D02,R01,0,2.280356872469814,17,11.60391685516593,10,122.88308216865477,18,40.515757710956855,2,0.404444448361207,18,10100001,-5,0
SE12,D02,R01,0,2.287828965843628,17,56.79953002780981,51,144.5598316284454,21,62.1699986323057,3,0.3423646370025681,15,10100001,-5,0
SE12,D02,R01,0,2.287828965843628,17,56.79953002780981,51,144.5598316284454,21,62.1699986323057,3,0.3423646370025681,15,10100001,-5,0
SE12,D02,R01,0,2.3171702471121027,17,13.296933728106808,12,121.05198109036536,17,47.23836756025044,2,0.3375127057648773,15,10100001,-5,0
SE12,D02,R01,0,2.3171702471121027,17,13.296933728106808,12,121.05198109036536,17,47.23836756025044,2,0.3375127057648773,15,10100001,-5,0
SE12,D02,R01,0,2.2373436899835872,17,46.92306695129106,42,119.87149301675566,17,50.49913914525228,3,0.3282868981303198,14,10100001,-5,0
SE12,D02,R01,0,2.1706592258135258,16,16.643461872900485,15,110.2037706073611,16,38.53514355221242,2,0.3287450688443422,14,10100001,-5,0
SE12,D02,R01,0,2.525480500382551,19,59.13265134792408,53,146.5716419947582,21,75.48019741467868,4,0.3513885319922165,15,10100001,-5,0
SE12,D02,R01,0,2.525480500382551,19,59.13265134792408,53,146.5716419947582,21,75.48019741467868,4,0.3513885319922165,15,10100001,-5,0
SE12,D02,R01,0,2.371508792958214,18,53.82187159574741,48,100.32421617033006,14,64.19276529705917,3,0.3246379856403386,14,10100001,-5,0
SE12,D02,R01,0,2.318483601610652,17,15.046054022962858,13,118.87130627373872,17,40.56311314185628,2,0.3411272677657924,15,10100001,-5,0
SE12,D02,R01,0,2.2055650550174355,16,16.477941082963703,15,125.682057784031,18,40.9564267233748,2,0.3919616135960369,17,10100001,-5,0
SE12,D02,R01,0,2.651871966509283,20,11.42595314753,10,142.22409437678783,20,55.83702667553854,3,0.3992095045452086,18,10100001,-5,0
SE12,D02,R01,0,2.651871966509283,20,11.42595314753,10,142.22409437678783,20,55.83702667553854,3,0.3992095045452086,18,10100001,-5,0
SE12,D02,R01,0,2.5384103729853624,19,17.12036804320725,15,145.73642513812243,21,47.82326454581418,2,0.462712170759245,20,10100001,-5,0
SE12,D02,R01,0,2.5384103729853624,19,17.12036804320725,15,145.73642513812243,21,47.82326454581418,2,0.462712170759245,20,10100001,-5,0
SE12,D02,R01,0,2.424274265195798,18,13.490818737632884,12,136.15697156510493,20,43.95513775957092,2,0.3834972496181821,17,10100001,-5,0
SE12,D02,R01,0,2.451326719461703,18,12.585530031467822,11,131.27065904697864,19,43.35984895903717,2,0.4074516908978833,18,10100001,-5,0
SE12,D02,R01,0,2.451326719461703,18,12.585530031467822,11,131.27065904697864,19,43.35984895903717,2,0.4074516908978833,18,10100001,-5,0
SE12,D02,R01,0,2.175051774033566,16,16.48546980472767,15,113.41386464745432,16,45.69278479185055,2,0.3136304760203586,14,10100001,-5,0
SE12,D02,R01,0,2.0913910743752737,15,45.7182846403945,41,125.35656796283968,18,47.899416470614085,2,0.3519423080676283,15,10100001,-5,0
SE12,D02,R01,0,2.4077904464434554,18,56.86425094568829,51,134.24045402803156,19,72.35496142777626,4,0.3445305818935862,15,10100001,-5,0
SE12,D02,R01,0,2.4077904464434554,18,56.86425094568829,51,134.24045402803156,19,72.35496142777626,4,0.3445305818935862,15,10100001,-5,0
SE12,D02,R01,0,2.316198741759464,17,15.771378739915349,14,117.88872094762348,17,46.40414134901771,2,0.3509391664154786,15,10100001,-5,0
SE12,D02,R01,0,2.176191472773449,16,48.45928884490547,43,124.75968147887836,18,57.67097337769371,3,0.3084534572868439,14,10100001,-5,0
SE12,D02,R01,0,2.287295339632188,17,19.825771006391065,18,130.4063499298554,19,46.06124082287116,2,0.3884577602171225,17,10100001,-5,0
SE12,D02,R01,0,2.6238168138899414,19,7.774445257301543,7,190.83460282822455,27,103.10430750095524,5,0.4734773451536577,21,10100001,-5,0
SE12,D03,R01,0,2.9329304967605565,22,4.022198742262113,4,156.94518411465802,22,75.63993608269082,4,0.3689463324174427,16,10100001,-5,0
SE12,D03,R01,0,3.058194617955022,23,4.802744536260199,4,156.68899141399942,22,64.20606371942057,3,0.2708848833728875,12,10100001,-5,0
SE12,D03,R01,0,3.058194617955022,23,4.802744536260199,4,156.68899141399942,22,64.20606371942057,3,0.2708848833728875,12,10100001,-5,0
SE12,D03,R01,0,2.687457416995489,20,6.9933728982728045,6,217.75626213187783,31,96.62046457834704,5,0.2137667589561564,9,10100001,-5,0
SE12,D03,R01,0,2.608137922513217,19,7.108228500772848,6,167.25688724421374,24,59.967058591787904,3,0.2049572445526161,9,10100001,-5,0
SE12,D03,R01,0,2.688039326334694,20,5.87864229969814,5,161.65163149265527,23,54.40152886465395,3,0.2916640465819531,13,10100001,-5,0
SE12,D03,R01,0,2.76832991399062,20,3.949000215843935,4,164.53228402243028,24,50.71867282331848,3,0.2012385477792041,9,10100001,-5,0
SE12,D03,R01,0,2.76832991399062,20,3.949000215843935,4,164.53228402243028,24,50.71867282331848,3,0.2012385477792041,9,10100001,-5,0
SE12,D03,R01,0,2.605328191485972,19,8.453723360495548,8,163.72515418933267,23,57.9439786448674,3,0.2557090071227192,11,10100001,-5,0
SE12,D03,R01,0,2.680715113641845,20,13.263760962182165,12,153.57136672912188,22,117.51821936949072,6,0.2871005452180519,13,10100001,-5,0
SE12,D03,R01,0,2.7962366153429103,21,4.923605727173365,4,167.09581026698055,24,66.55944067921106,3,0.2234930777715033,10,10100001,-5,0
SE12,D03,R01,0,2.7962366153429103,21,4.923605727173365,4,167.09581026698055,24,66.55944067921106,3,0.2234930777715033,10,10100001,-5,0
SE12,D03,R01,0,2.595861104344159,19,9.352678238884655,8,133.44358124376805,19,67.98200613653917,4,0.2794582374216732,12,10100001,-5,0
SE12,D03,R01,0,2.6536349719682857,20,3.108697155752482,3,188.46103624027307,27,80.91405511274831,4,0.1958807013247686,9,10100001,-5,0
SE12,D03,R01,0,2.8155392649613438,21,3.947867605226417,4,179.67185698709082,26,85.48782373191858,4,0.266572739713963,12,10100001,-5,0
SE12,D03,R01,0,3.0193897525061355,22,10.552507418053558,9,246.32762210793405,35,107.47418870374968,6,0.2956102352155722,13,10100001,-5,0
SE12,D03,R01,0,3.0193897525061355,22,10.552507418053558,9,246.32762210793405,35,107.47418870374968,6,0.2956102352155722,13,10100001,-5,0
SE12,D03,R01,0,3.072992528636327,23,10.903320589120858,10,194.6441468331093,28,93.58602648913478,5,0.3060138604614304,13,10100001,-5,0
SE12,D03,R01,0,3.072992528636327,23,10.903320589120858,10,194.6441468331093,28,93.58602648913478,5,0.3060138604614304,13,10100001,-5,0
SE12,D03,R01,0,3.1126072631492354,23,6.535554098038519,6,184.0812318819939,26,71.34068569592897,4,0.3780576959096578,17,10100001,-5,0
SE12,D03,R01,0,3.187856616846233,24,9.682330855479409,9,249.8243504615516,36,86.96434113726781,5,0.4793149247893759,21,10100001,-5,0
SE12,D03,R01,0,3.187856616846233,24,9.682330855479409,9,249.8243504615516,36,86.96434113726781,5,0.4793149247893759,21,10100001,-5,0
SE12,D03,R01,0,2.9899811341574027,22,3.4469100785763884,3,151.55080917338083,22,54.24121154915609,3,0.5567566768302913,24,10100001,-5,0
SE12,D03,R01,0,3.1286697203044618,23,14.75513789290446,13,193.45210963097435,28,93.788972247836,5,0.5621508019372424,25,10100001,-5,0
SE12,D03,R01,0,3.2013667049085264,24,10.52531652316866,9,239.840991784057,34,96.62650228103428,5,0.535040263550127,24,10100001,-5,0
SE12,D03,R01,0,3.307087633142075,24,14.273710239620694,13,182.6801905349183,26,91.26314286239554,5,0.5332659137684171,23,10100001,-5,0
SE12,D03,R01,0,3.307087633142075,24,14.273710239620694,13,182.6801905349183,26,91.26314286239554,5,0.5332659137684171,23,10100001,-5,0
SE12,D03,R01,0,3.2330207385204206,24,15.471618580754273,14,210.7598033114864,30,103.61256658589716,5,0.5381425443224267,24,10100001,-5,0
SE12,D03,R01,0,3.2330207385204206,24,15.471618580754273,14,210.7598033114864,30,103.61256658589716,5,0.5381425443224267,24,10100001,-5,0
SE12,D03,R01,0,3.1528180792459803,23,8.174798934541652,7,215.72367200357584,31,72.75123922954549,4,0.4402989056246127,19,10100001,-5,0
SE12,D03,R01,0,3.1528180792459803,23,8.174798934541652,7,215.72367200357584,31,72.75123922954549,4,0.4402989056246127,19,10100001,-5,0
SE12,D03,R01,0,3.120194058374264,23,7.966585381916581,7,200.50921138094856,29,73.52025826944408,4,0.4557468047869055,20,10100001,-5,0
SE12,D03,R01,0,3.120194058374264,23,7.966585381916581,7,200.50921138094856,29,73.52025826944408,4,0.4557468047869055,20,10100001,-5,0
SE12,D03,R01,0,3.0833281095993192,23,6.574619486856048,6,147.218479633994,21,69.41031172714025,4,0.4296509121854433,19,10100001,-5,0
SE12,D03,R01,0,3.0833281095993192,23,6.574619486856048,6,147.218479633994,21,69.41031172714025,4,0.4296509121854433,19,10100001,-5,0
SE12,D03,R01,0,3.0440040560681543,23,7.790070713530757,7,166.10734313362292,24,71.48008929216529,4,0.401437492754835,18,10100001,-5,0
SE12,D03,R01,0,2.924109272763673,22,8.024244697198288,7,183.9219062188757,26,74.8320553550931,4,0.6174834195668706,27,10100001,-5,0
SE12,D03,R01,0,3.3184944471111915,25,14.512287221358363,13,233.0950596838184,33,80.1809184207558,4,0.4414437915196671,19,10100001,-5,0
SE12,D03,R01,0,3.4084353654756314,25,10.440891386142324,9,230.2373840088803,33,104.86304513371066,5,0.4885492823523663,21,10100001,-5,0
SE12,D03,R01,0,3.4084353654756314,25,10.440891386142324,9,230.2373840088803,33,104.86304513371066,5,0.4885492823523663,21,10100001,-5,0
SE12,D03,R01,0,3.19615762815046,24,8.551519642725069,8,198.65040959043063,28,67.09630509183367,3,0.5073813282171022,22,10100001,-5,0
SE12,D03,R01,0,3.1534592783040463,23,12.682653756907198,11,274.99092802342744,39,109.4157201195241,6,0.3797026934854604,17,10100001,-5,0
SE12,D03,R01,0,3.22631184710431,24,8.547703459565792,8,227.04302046443317,33,89.30142678600319,5,0.5408985101622489,24,10100001,-5,0
SE12,D03,R01,0,3.22631184710431,24,8.547703459565792,8,227.04302046443317,33,89.30142678600319,5,0.5408985101622489,24,10100001,-5,0
SE12,D03,R01,0,3.294191832468407,24,11.031890717468434,10,283.3680494803921,41,148.07029509546177,8,0.527750834928513,23,10100001,-5,0
SE12,D03,R01,0,3.294191832468407,24,11.031890717468434,10,283.3680494803921,41,148.07029509546177,8,0.527750834928513,23,10100001,-5,0
SE12,D03,R01,0,3.2051275180913725,24,10.271536165723054,9,224.63898670877776,32,80.3457540790852,4,0.4024959892345122,18,10100001,-5,0
SE12,D03,R01,0,2.938333595984136,22,6.585814590071749,6,154.73560538925148,22,59.786639477826256,3,0.3825731628973454,17,10100001,-5,0
SE12,D03,R01,0,2.7961711317526463,21,1.6807449797465273,2,183.7578506803783,26,65.76106410408742,3,0.333526609216712,15,10100001,-5,0
SE12,D04,R01,0,4.111233019238457,30,13.504566424942295,12,339.4337625545374,49,157.9531450170369,8,1.0022139854993914,44,10100001,-5,0
SE12,D04,R01,0,4.426691350599968,33,11.254057838306796,10,270.9569473172981,39,164.36990110305888,9,1.0815562905712337,48,10100001,-5,0
SE12,D04,R01,0,4.426691350599968,33,11.254057838306796,10,270.9569473172981,39,164.36990110305888,9,1.0815562905712337,48,10100001,-5,0
SE12,D04,R01,0,3.849452309232404,28,11.811837291339009,11,253.80209473776185,36,104.24765077750908,5,0.9561757923558644,42,10100001,-5,0
SE12,D04,R01,0,3.846823355283917,28,9.494512300273277,9,287.3505273759203,41,104.52256032990276,5,0.9495475925128763,42,10100001,-5,0
SE12,D04,R01,0,4.102745365148805,30,10.74943239131958,10,334.3323183448781,48,182.6584387259273,10,0.9839367280689528,43,10100001,-5,0
SE12,D04,R01,0,4.102745365148805,30,10.74943239131958,10,334.3323183448781,48,182.6584387259273,10,0.9839367280689528,43,10100001,-5,0
SE12,D04,R01,0,4.090007906208931,30,13.086017637584316,12,279.57179137485434,40,161.05767239862158,8,0.952322507991522,42,10100001,-5,0
SE12,D04,R01,0,4.154687573453366,31,12.793037960573985,11,356.6326798539037,51,206.2997058471621,11,1.1275479402646709,50,10100001,-5,0
SE12,D04,R01,0,4.154687573453366,31,12.793037960573985,11,356.6326798539037,51,206.2997058471621,11,1.1275479402646709,50,10100001,-5,0
SE12,D04,R01,0,4.024690718052328,30,12.059388815528443,11,301.1560705567772,43,172.98468068901204,9,1.15157873397057,51,10100001,-5,0
SE12,D04,R01,0,4.307458556823269,32,10.73673833623247,10,278.0717844361579,40,121.50491589589488,6,0.9862830438487304,43,10100001,-5,0
SE12,D04,R01,0,4.307458556823269,32,10.73673833623247,10,278.0717844361579,40,121.50491589589488,6,0.9862830438487304,43,10100001,-5,0
SE12,D04,R01,0,3.8155745319399887,28,6.73582385904053,6,227.01951498694535,33,93.27238254735404,5,0.6617302912253739,29,10100001,-5,0
SE12,D04,R01,0,3.985724725431256,29,8.489913425753372,8,264.6419270970972,38,92.50078748962412,5,0.97804412511593,43,10100001,-5,0
SE12,D04,R01,0,4.036490885285409,30,11.690782233711404,10,334.92292739030114,48,101.7060582975044,5,1.0214670801500996,45,10100001,-5,0
SE12,D04,R01,0,4.036490885285409,30,11.690782233711404,10,334.92292739030114,48,101.7060582975044,5,1.0214670801500996,45,10100001,-5,0
SE12,D04,R01,0,4.043851805736433,30,11.48352772281431,10,339.5429024976771,49,159.9713299717756,8,1.0064539981855811,44,10100001,-5,0
SE12,D04,R01,0,4.168217688207882,31,10.371442537993874,9,283.2434592628153,41,122.37087998879738,6,0.8452996499596986,37,10100001,-5,0
SE12,D04,R01,0,4.168217688207882,31,10.371442537993874,9,283.2434592628153,41,122.37087998879738,6,0.8452996499596986,37,10100001,-5,0
SE12,D04,R01,0,4.058375685912753,30,15.470198323600318,14,367.447917995908,53,237.7622426119109,12,1.048413041091108,46,10100001,-5,0
SE12,D04,R01,0,4.108771566317564,30,11.54355388274138,10,271.29445877365777,39,179.591834085004,9,1.0842384853826597,48,10100001,-5,0
SE12,D04,R01,0,4.3203478185717294,32,10.295303145049214,9,350.48923912140657,50,175.11508353653235,9,0.9748706254027292,43,10100001,-5,0
SE12,D04,R01,0,4.3203478185717294,32,10.295303145049214,9,350.48923912140657,50,175.11508353653235,9,0.9748706254027292,43,10100001,-5,0
SE12,D04,R01,0,4.2963369691562905,32,8.206994337822596,7,295.4775583597344,42,119.26121443602362,6,1.0362691455803403,46,10100001,-5,0
SE12,D04,R01,0,4.2963369691562905,32,8.206994337822596,7,295.4775583597344,42,119.26121443602362,6,1.0362691455803403,46,10100001,-5,0
SE12,D04,R01,0,4.20313952135038,31,11.09696671595515,10,271.9191904437987,39,173.13453930972784,9,1.0768241766574018,47,10100001,-5,0
SE12,D04,R01,0,4.020998198665584,30,12.058307341591192,11,272.7763834923555,39,153.6354220825633,8,1.044689020890909,46,10100001,-5,0
SE12,D04,R01,0,3.891834729722803,29,8.371556833577937,8,263.1170369141622,38,97.86928864308626,5,0.7251608339298683,32,10100001,-5,0
SE12,D04,R01,0,3.9544410173582847,29,8.566815866085838,8,279.16878650818853,40,92.53756243318128,5,0.9380950410969768,41,10100001,-5,0
SE12,D04,R01,0,4.277429365581512,32,12.37171039144687,11,352.9020274332001,51,216.85105616412503,11,0.9337641148886542,41,10100001,-5,0
SE12,D04,R01,0,4.277429365581512,32,12.37171039144687,11,352.9020274332001,51,216.85105616412503,11,0.9337641148886542,41,10100001,-5,0
SE12,D04,R01,0,4.077513199439281,30,9.783069382274144,9,270.92964801168193,39,131.68824067398432,7,0.9425684799812646,41,10100001,-5,0
SE12,D04,R01,0,4.018141614743414,30,11.010439353928431,10,295.3624150815397,42,198.08911788101912,10,1.0226704901819346,45,10100001,-5,0
SE12,D04,R01,0,4.271105253665686,32,7.632928979767884,7,309.9193951387576,44,109.51920219857176,6,0.7882738799463883,35,10100001,-5,0
SE12,D04,R01,0,4.271105253665686,32,7.632928979767884,7,309.9193951387576,44,109.51920219857176,6,0.7882738799463883,35,10100001,-5,0
SE12,D04,R01,0,4.422063061924017,33,13.947275954327464,12,340.6555138053249,49,193.6559112716294,10,0.9589003342563088,42,10100001,-5,0
SE12,D04,R01,0,4.422063061924017,33,13.947275954327464,12,340.6555138053249,49,193.6559112716294,10,0.9589003342563088,42,10100001,-5,0
SE12,D04,R01,0,4.113548335345844,30,10.73993585624912,10,298.90126847833614,43,105.91756178514888,6,1.0565362094767377,46,10100001,-5,0
SE12,D04,R01,0,4.282691434466364,32,10.416872689053866,9,325.5739670940308,47,189.07159471361217,10,1.225796714418229,54,10100001,-5,0
SE12,D04,R01,0,4.596039700940059,34,11.984268187936676,11,419.3161343650002,60,216.10152121683063,11,1.099973848244609,48,10100001,-5,0
SE12,D04,R01,0,4.596039700940059,34,11.984268187936676,11,419.3161343650002,60,216.10152121683063,11,1.099973848244609,48,10100001,-5,0
SE12,D04,R01,0,4.257163798060351,31,14.017883538542938,13,242.3799042753949,35,177.4936320120212,9,1.1590288090153584,51,10100001,-5,0
SE12,D04,R01,0,4.257163798060351,31,14.017883538542938,13,242.3799042753949,35,177.4936320120212,9,1.1590288090153584,51,10100001,-5,0
SE12,D04,R01,0,4.147521526701595,31,7.093064877709322,6,251.6370017339484,36,110.71399460110491,6,0.8987363370545439,40,10100001,-5,0
SE12,D04,R01,0,4.115649173002283,30,8.391310223907361,8,287.11302748452334,41,100.27011041874675,5,0.9180337446601228,40,10100001,-5,0
SE12,D04,R01,0,4.115649173002283,30,8.391310223907361,8,287.11302748452334,41,100.27011041874675,5,0.9180337446601228,40,10100001,-5,0
SE12,D04,R01,0,4.062806103251445,30,10.849612648967884,10,277.66240310076495,40,94.55962320529804,5,1.024595193004935,45,10100001,-5,0
SE12,D04,R01,0,4.072450629041016,30,11.733683882936578,11,281.2810059516593,40,114.74021870683116,6,0.9471311877221816,42,10100001,-5,0
SE12,D05,R01,0,3.0317558574366705,22,4.781136148559599,4,171.37441563802264,25,91.32269065479962,5,0.1230496920147577,5,10100001,-5,0
SE12,D05,R02,0,2.9767906121581365,22,13.887356496435096,12,167.4998191576309,24,63.65166371777531,3,0.0799275231322939,4,10100001,-5,0
SE12,D05,R03,0,3.327677951929515,25,0.630670946172767,1,185.63232462011223,27,81.91116991730634,4,0.2245386084123694,10,10100001,-5,0
SE12,D05,R04,0,2.7416337804551527,20,28.91361626884389,26,168.88345015764062,24,67.18314050426137,4,0.1497737015139839,7,10100001,-5,0
SE12,D05,R05,0,2.6444995151345507,20,9.3271573370123,8,127.55776716533096,18,36.78438098460725,2,0.0938230569286265,4,10100001,-5,0
SE12,D07,R01,0,1.270636538083988,9,11.841867257234608,11,90.7825063135932,13,9.051312520353116,0,0.0001180192287378,0,10100001,-5,0
SE12,D07,R02,0,1.2501342701323626,9,13.284451471241535,12,102.38208562366606,15,6.393739185325797,0,0.0016496272507395,0,10100001,-5,0
SE12,D07,R03,0,1.376142547320907,10,12.92084891343461,12,132.67692490175622,19,10.79419979320595,1,0.0008954993013067,0,10100001,-5,0
SE12,D07,R04,0,1.180960871113672,9,17.62597600008653,16,87.73291531415994,13,5.438584447106498,0,0.0010141313675255,0,10100001,-5,0
SE12,D07,R05,0,1.206354735576097,9,18.076077483356013,16,92.06924208033782,13,7.610578270286705,0,0.0014096136413909,0,10100001,-5,0
SE12,D08,R01,0,4.291943192446459,32,76.6896078643791,69,269.58352425115,39,323.3345942486952,17,0.0006204697342112,0,10010110,5,1
SE12,D08,R02,0,2.6690008755765,20,7.843480837086868,7,173.34591492242626,25,57.04900633143697,3,0.0002790900186247,0,10100001,-5,0
SE12,D08,R03,0,3.089900540723358,23,12.715466309124071,11,207.64750405544584,30,140.4080055540599,7,0.0002992672898491,0,10100101,-3,0
SE12,D08,R04,0,2.9543674015200043,22,3.5400404379307413,3,227.51311125544564,33,168.6506674642373,9,0.0002806051295239,0,10100101,-3,0
SE12,D08,R05,0,3.0845749563161555,23,64.96131897033565,58,172.7590043699561,25,136.8855079275866,7,0.0005090731832224,0,10000101,-1,0
SE12,D09,R01,0,1.9718245462047643,15,3.879633725491674,3,49.83018708530209,7,45.19605463012888,2,0.0001373975342813,0,10100001,-5,0
SE12,D09,R02,0,1.9135841238938909,14,1.503405991730884,1,67.73269044041908,10,40.26793026895872,2,0.000470856729981,0,10100001,-5,0
SE12,D09,R03,0,2.0141444720033275,15,4.249481808217142,4,74.2475303261653,11,43.37661967810509,2,0.0004666712530994,0,10100001,-5,0
SE12,D09,R04,0,2.1056571692129307,16,5.89203534004932,5,89.89823803755642,13,47.898313382232026,2,0.0002797003399614,0,10100001,-5,0
SE12,D09,R05,0,1.865032916149287,14,4.138104408955217,4,61.77514674440598,9,45.6197647630769,2,0.000719236895425,0,10100001,-5,0
SE12,D10,R01,0,1.917789738336492,14,6.775453399565427,6,62.82133704503888,9,48.78439235930252,3,0.0003789201274297,0,10100001,-5,0
SE12,D10,R02,0,1.9408127551081853,14,8.918862780078065,8,69.42150048209203,10,45.31087027990881,2,0.0002336784483356,0,10100001,-5,0
SE12,D10,R03,0,2.609901238103896,19,15.376555578826316,14,97.34799371228212,14,82.87622401217342,4,0.0002845377616925,0,10100001,-5,0
SE12,D10,R04,0,1.8451108920879424,14,1.679250192823735,2,70.55774938642769,10,39.14297966551872,2,0.0004214061147519,0,10100001,-5,0
SE12,D10,R05,0,1.8495588446767175,14,8.306866320215951,7,155.6128624698506,22,29.549113368011515,2,0.0002245157473845,0,10100001,-5,0
SE12,D11,R01,0,2.947210615995922,22,46.29906143129158,41,247.9757522382767,36,139.32383199170425,7,0.0002930108644359,0,10110101,-1,0
SE12,D11,R02,0,2.714419368809032,20,2.154728979421489,2,277.8892056008231,40,108.5992609893589,6,0.0002484431969173,0,10110101,-1,0
SE12,D11,R03,0,2.2798214973041886,17,2.525373643163374,2,241.58741840971655,35,84.39981812991081,4,0.0001129597634871,0,10110101,-1,0
SE12,D11,R04,0,3.758464161921105,28,44.46736902709858,40,315.50928416587243,45,247.5104015162625,13,0.0003092359467655,0,10010111,3,1
SE12,D11,R05,0,4.5874378667880205,34,50.03060558677227,45,348.37781839767086,50,225.7159537946066,12,0.0002055743658912,0,10010110,5,1
SE12,D12,R01,0,1.6024435457708994,12,92.44588756403482,83,120.18745971952768,17,28.335125118821612,1,0.0003189195907674,0,10000001,-3,0
SE12,D12,R02,0,1.5374307260181472,11,91.97602261295108,82,122.91737963044028,18,33.26632386048618,2,0.0010541930359214,0,10000001,-3,0
SE12,D12,R03,0,1.397029231558211,10,75.36561446776355,68,104.87903751562708,15,21.70879038639164,1,0.0016328115538376,0,10000001,-3,0
SE12,D12,R04,0,1.4741630636673984,11,80.52176934641727,72,129.78728086685803,19,20.01743371776725,1,0.0055903758460596,0,10000001,-3,0
SE12,D12,R05,0,1.4032628864598482,10,89.75625028404728,80,153.95427041850618,22,52.5961874326274,3,0.0068062755458849,0,10000001,-3,0
SE12,D14,R01,0,2.120305879226952,16,59.136200952136015,53,202.92349136776792,29,45.84301025065663,2,0.0007887492646846,0,10010001,-1,0
SE12,D14,R02,0,2.148664760707508,16,74.7681552394041,67,221.9740723658316,32,34.640690534935594,2,0.0592716801755683,3,10000001,-3,0
SE12,D14,R03,0,2.1568054368400533,16,67.975419663549,61,188.07930662324785,27,49.408738542653865,3,0.0004039625454394,0,10010001,-1,0
SE12,D14,R04,0,1.8779314649140053,14,8.483395933673126,8,201.3261906860652,29,49.65554014410678,3,0.0004377440443961,0,10100001,-5,0
SE12,D14,R05,0,2.850443915880143,21,27.73662398167649,25,194.26789362492565,28,75.66225003147822,4,0.001778423477646,0,10100101,-3,0
SE12,D15,R01,0,1.2241155428735833,9,41.55991942390549,37,24.12309831328549,3,5.210108511886213,0,0.0026246911809002,0,10100001,-5,0
SE12,D15,R02,0,1.2626133631808325,9,39.73042848962086,36,40.07407727538649,6,7.325755130256928,0,0.0034341900365822,0,10100001,-5,0
SE12,D15,R03,0,1.2422120673671222,9,40.08818216571636,36,23.121129047040103,3,7.812511575437409,0,0.0016650306783128,0,10100001,-5,0
SE12,D15,R04,0,1.446119918050648,11,32.721713542092324,29,52.26719510353008,7,37.06412414284146,2,0.0002496263676979,0,10100001,-5,0
SE12,D15,R05,0,1.2175349512116171,9,43.47683851182609,39,24.7191629290904,4,6.547497409333314,0,0.0028884677083018,0,10100001,-5,0
SE12,D16,R01,0,1.30655741747397,10,6.15668666543563,6,60.93332569790395,9,13.6442082742265,1,5.945632936754696e-05,0,10100001,-5,0
SE12,D16,R02,0,1.1495132079425512,8,45.37220774289483,41,80.22260425404528,11,5.1740213818991965,0,0.0004689383413316,0,10100001,-5,0
SE12,D16,R03,0,1.2152958362993609,9,35.6148131196487,32,121.64649633155162,17,10.55213241461197,1,0.0006485983666936,0,10100001,-5,0
SE12,D16,R04,0,1.2844436664278285,9,29.033426309668915,26,122.06886290643205,17,12.065792560890245,1,0.0005746648939353,0,10100001,-5,0
SE12,D16,R05,0,1.2427708437669382,9,23.403510872932426,21,130.70701155553087,19,11.13681009438654,1,0.0015299479936888,0,10100001,-5,0
SE12,D17,R01,0,1.3975151899191247,10,35.713285396963265,32,112.6905860108062,16,25.622442926934674,1,0.0299626283954615,1,10100001,-5,0
SE12,D17,R02,0,1.514678344824818,11,30.279253387935675,27,138.6356978171274,20,17.569173743848676,1,0.006236839117083,0,10100001,-5,0
SE12,D17,R03,0,1.4885529197586074,11,10.564549022971365,9,124.47313196991296,18,18.813280726377624,1,0.0165375082776434,1,10100001,-5,0
SE12,D17,R04,0,1.4956449228849615,11,35.52902078008678,32,80.69507843110677,12,35.567179169003715,2,0.0067381460096547,0,10100001,-5,0
SE12,D17,R05,0,1.6051027943620153,12,12.642140480136575,11,139.76424423908944,20,58.41240564398733,3,0.0209050506151777,1,10100001,-5,0
SE13,D01,R01,0,1.6852107591439045,12,11.889423416579374,11,58.92766537939966,8,27.821703665813978,1,0.0323886860706754,1,10100001,-5,0
SE13,D01,R01,0,1.6852107591439045,12,11.889423416579374,11,58.92766537939966,8,27.821703665813978,1,0.0323886860706754,1,10100001,-5,0
SE13,D01,R01,0,1.8009507105731857,13,19.8442494516412,18,69.64793326494335,10,38.85879953952678,2,0.0458342873434956,2,10100001,-5,0
SE13,D01,R01,0,1.8276450024232855,14,18.753472444949168,17,105.22531743707536,15,41.22900564955541,2,0.0328432187185704,1,10100001,-5,0
SE13,D01,R01,0,1.8276450024232855,14,18.753472444949168,17,105.22531743707536,15,41.22900564955541,2,0.0328432187185704,1,10100001,-5,0
SE13,D01,R01,0,1.619860223462101,12,21.93793213711521,20,70.29588821000034,10,26.694936269056324,1,0.0399007165259023,2,10100001,-5,0
SE13,D01,R01,0,1.5777043452360022,12,7.866417298162735,7,50.90269824775403,7,21.68377268656578,1,0.0281131977440723,1,10100001,-5,0
SE13,D01,R01,0,1.6363084957195762,12,1.8812233740782287,2,63.920274888373775,9,17.18759558235665,1,0.0304976870445503,1,10100001,-5,0
SE13,D01,R01,0,1.7126890648940958,13,7.5744257629673,7,74.98324823059552,11,37.13339435909049,2,0.0399980745067683,2,10100001,-5,0
SE13,D01,R01,0,1.7126890648940958,13,7.5744257629673,7,74.98324823059552,11,37.13339435909049,2,0.0399980745067683,2,10100001,-5,0
SE13,D01,R01,0,1.7038684587166273,13,3.244207724117479,3,58.1777747843698,8,17.95771936903372,1,0.0380856635587531,2,10100001,-5,0
SE13,D01,R01,0,1.7038684587166273,13,3.244207724117479,3,58.1777747843698,8,17.95771936903372,1,0.0380856635587531,2,10100001,-5,0
SE13,D01,R01,0,1.7140694436390806,13,9.155541312823052,8,73.9253922204045,11,27.936156770608854,1,0.0440946349669102,2,10100001,-5,0
SE13,D01,R01,0,1.7383163620049322,13,8.033303181324872,7,68.27990135589395,10,30.550120943609823,2,0.0510248841764624,2,10100001,-5,0
SE13,D01,R01,0,1.7383163620049322,13,8.033303181324872,7,68.27990135589395,10,30.550120943609823,2,0.0510248841764624,2,10100001,-5,0
SE13,D01,R01,0,1.6828141321370915,12,6.256174741758805,6,65.01736894875448,9,19.573604238669205,1,0.0530954799591733,2,10100001,-5,0
SE13,D01,R01,0,1.7643368503447336,13,0.5310167143860997,0,70.78504716401531,10,26.46057006551477,1,0.0511733557509395,2,10100001,-5,0
SE13,D01,R01,0,1.7643368503447336,13,0.5310167143860997,0,70.78504716401531,10,26.46057006551477,1,0.0511733557509395,2,10100001,-5,0
SE13,D01,R01,0,1.7104246163348042,13,7.830764932336738,7,75.82630116132074,11,25.573284378847383,1,0.0451591278806081,2,10100001,-5,0
SE13,D01,R01,0,1.6742872856947408,12,5.616921456137057,5,68.85214716555838,10,20.981152057507035,1,0.0412178534001985,2,10100001,-5,0
SE13,D01,R01,0,1.6567704444684128,12,25.37127166382069,23,90.17305561298188,13,31.82920534599143,2,0.026009557717488,1,10100001,-5,0
SE13,D01,R01,0,1.6828549350499211,12,10.09890776359844,9,75.26288154991914,11,25.005771304510294,1,0.0402562607742399,2,10100001,-5,0
SE13,D01,R01,0,1.6828549350499211,12,10.09890776359844,9,75.26288154991914,11,25.005771304510294,1,0.0402562607742399,2,10100001,-5,0
SE13,D01,R01,0,1.6417639275929146,12,26.59460716636642,24,91.32209718781168,13,23.54335669442857,1,0.0614690480156063,3,10100001,-5,0
SE13,D01,R01,0,1.7602240402502745,13,5.81221742551019,5,70.01501305552571,10,21.68293799436572,1,0.0644077431959741,3,10100001,-5,0
SE13,D01,R01,0,1.9447084277959577,14,9.564433762173213,9,81.22027385231758,12,32.89456941626887,2,0.0690109746559512,3,10100001,-5,0
SE13,D01,R01,0,1.9447084277959577,14,9.564433762173213,9,81.22027385231758,12,32.89456941626887,2,0.0690109746559512,3,10100001,-5,0
SE13,D01,R01,0,1.679487633457746,12,21.423482182885525,19,81.59909629473292,12,21.112196993599408,1,0.0487928085920875,2,10100001,-5,0
SE13,D01,R01,0,1.800531266542427,13,11.201829885946438,10,86.20597344553751,12,26.095540296288757,1,0.0725360602277871,3,10100001,-5,0
SE13,D01,R01,0,2.0228341281865525,15,14.718919356051192,13,116.12315027695738,17,39.80614186004705,2,0.0695877369867854,3,10100001,-5,0
SE13,D01,R01,0,2.0228341281865525,15,14.718919356051192,13,116.12315027695738,17,39.80614186004705,2,0.0695877369867854,3,10100001,-5,0
SE13,D01,R01,0,1.7487483316758483,13,13.622712390293325,12,82.18362824490818,12,29.911816873763144,2,0.0421922429012937,2,10100001,-5,0
SE13,D01,R01,0,1.7487483316758483,13,13.622712390293325,12,82.18362824490818,12,29.911816873763144,2,0.0421922429012937,2,10100001,-5,0
SE13,D01,R01,0,1.6514431277815398,12,13.048358917405247,12,78.64637448375197,11,19.95629069166913,1,0.045312187510394,2,10100001,-5,0
SE13,D01,R01,0,1.6158565628299515,12,5.494128045084554,5,67.38342063739954,10,20.032480652351303,1,0.0305169028939845,1,10100001,-5,0
SE13,D01,R01,0,1.7744911861507124,13,21.81617922609798,20,107.29025666998608,15,46.55545278250917,2,0.0616758580479347,3,10100001,-5,0
SE13,D01,R01,0,1.7744911861507124,13,21.81617922609798,20,107.29025666998608,15,46.55545278250917,2,0.0616758580479347,3,10100001,-5,0
SE13,D01,R01,0,1.962201565933419,15,9.288331490985176,8,100.810365389404,14,33.29739800373592,2,0.0655905039788259,3,10100001,-5,0
SE13,D01,R01,0,1.962201565933419,15,9.288331490985176,8,100.810365389404,14,33.29739800373592,2,0.0655905039788259,3,10100001,-5,0
SE13,D01,R01,0,1.784006228312068,13,3.942500032548307,4,72.23399217435247,10,24.10166444994757,1,0.0576652647732288,3,10100001,-5,0
SE13,D01,R01,0,1.71814620076043,13,9.981686912233032,9,64.65098327049773,9,25.773870871022588,1,0.0503115762994577,2,10100001,-5,0
SE13,D01,R01,0,1.9179488606402544,14,18.400476654719885,16,83.3516349166454,12,39.37942023476593,2,0.0743547768082521,3,10100001,-5,0
SE13,D01,R01,0,1.9179488606402544,14,18.400476654719885,16,83.3516349166454,12,39.37942023476593,2,0.0743547768082521,3,10100001,-5,0
SE13,D01,R01,0,1.8857560949933816,14,12.465832608541117,11,78.29154858640327,11,30.183120625780635,2,0.0923991101371337,4,10100001,-5,0
SE13,D01,R01,0,1.8857560949933816,14,12.465832608541117,11,78.29154858640327,11,30.183120625780635,2,0.0923991101371337,4,10100001,-5,0
SE13,D01,R01,0,1.7103398642292926,13,14.534492439588735,13,79.37870219750555,11,27.38826881904273,1,0.0874011574778837,4,10100001,-5,0
SE13,D01,R01,0,1.758754088092708,13,12.4316772499456,11,77.39252999000377,11,30.66740636883405,2,0.0855476806222287,4,10100001,-5,0
SE13,D01,R01,0,1.7664285367346806,13,16.916749910957048,15,87.26315630611468,12,23.70334379493277,1,0.069304829538992,3,10100001,-5,0
SE13,D02,R01,0,1.8186562005988276,13,20.672918932435262,19,79.67961403216579,11,25.18189226295231,1,0.1462848151365165,6,10100001,-5,0
SE13,D02,R01,0,2.177603870809396,16,23.28804848076395,21,90.7153271362162,13,44.377960223314886,2,0.1070311550494437,5,10100001,-5,0
SE13,D02,R01,0,2.177603870809396,16,23.28804848076395,21,90.7153271362162,13,44.377960223314886,2,0.1070311550494437,5,10100001,-5,0
SE13,D02,R01,0,1.9247984941712888,14,23.246950056407155,21,91.22787824712422,13,33.16714867023664,2,0.2216967984206618,10,10100001,-5,0
SE13,D02,R01,0,2.2427114479290187,17,38.966618629871576,35,99.70090438146585,14,60.77516062085899,3,0.1824031403907031,8,10100001,-5,0
SE13,D02,R01,0,2.2427114479290187,17,38.966618629871576,35,99.70090438146585,14,60.77516062085899,3,0.1824031403907031,8,10100001,-5,0
SE13,D02,R01,0,2.0783966575260906,15,16.112759849871523,14,102.26004650150908,15,41.45218932367878,2,0.1646258048679059,7,10100001,-5,0
SE13,D02,R01,0,2.0783966575260906,15,16.112759849871523,14,102.26004650150908,15,41.45218932367878,2,0.1646258048679059,7,10100001,-5,0
SE13,D02,R01,0,2.0262031654249597,15,27.152353155234668,24,115.4973214383839,17,42.82190219362625,2,0.189419732282092,8,10100001,-5,0
SE13,D02,R01,0,2.0262031654249597,15,27.152353155234668,24,115.4973214383839,17,42.82190219362625,2,0.189419732282092,8,10100001,-5,0
SE13,D02,R01,0,2.019331016427532,15,26.27423742390757,24,109.69518729657077,16,39.69312643876748,2,0.1434194082507197,6,10100001,-5,0
SE13,D02,R01,0,2.3593814672924607,17,41.263093900695466,37,158.6608270379776,23,72.19261422514234,4,0.1181154136236486,5,10100001,-5,0
SE13,D02,R01,0,2.3593814672924607,17,41.263093900695466,37,158.6608270379776,23,72.19261422514234,4,0.1181154136236486,5,10100001,-5,0
SE13,D02,R01,0,2.0988925011646766,16,20.728522360419475,19,114.87760109805184,16,35.79935909886025,2,0.19191092739249,8,10100001,-5,0
SE13,D02,R01,0,2.0988925011646766,16,20.728522360419475,19,114.87760109805184,16,35.79935909886025,2,0.19191092739249,8,10100001,-5,0
SE13,D02,R01,0,2.055864236468221,15,42.00297893307729,38,101.0734263218578,14,48.09115588511599,3,0.2109873719904932,9,10100001,-5,0
SE13,D02,R01,0,2.055864236468221,15,42.00297893307729,38,101.0734263218578,14,48.09115588511599,3,0.2109873719904932,9,10100001,-5,0
SE13,D02,R01,0,1.996338353408325,15,32.967467838250656,30,109.6374904167633,16,37.3159290397969,2,0.2788705326257866,12,10100001,-5,0
SE13,D02,R01,0,2.127002445766548,16,31.28201155638589,28,126.97557104192236,18,50.49170272612207,3,0.2730791546176301,12,10100001,-5,0
SE13,D02,R01,0,2.1426947395908527,16,18.38206919357451,16,110.46004238099184,16,38.43917099029612,2,0.1885127305423859,8,10100001,-5,0
SE13,D02,R01,0,2.360053968943957,17,32.90999398471933,29,113.28304223583083,16,61.60693707583946,3,0.1104444925536559,5,10100001,-5,0
SE13,D02,R01,0,2.360053968943957,17,32.90999398471933,29,113.28304223583083,16,61.60693707583946,3,0.1104444925536559,5,10100001,-5,0
SE13,D02,R01,0,2.2174223030180507,16,48.1416636397461,43,102.60710502264082,15,75.14506308712635,4,0.2746428822009458,12,10100001,-5,0
SE13,D02,R01,0,2.402407265420522,18,29.550407927055808,26,120.52632256153926,17,61.645889705930834,3,0.2571699588514125,11,10100001,-5,0
SE13,D02,R01,0,2.402407265420522,18,29.550407927055808,26,120.52632256153926,17,61.645889705930834,3,0.2571699588514125,11,10100001,-5,0
SE13,D02,R01,0,2.24705821684326,17,24.379555270184078,22,112.43249006703444,16,46.74263320604983,2,0.2703117629372046,12,10100001,-5,0
SE13,D02,R01,0,2.313321354346724,17,21.586069180708822,19,127.0176210165659,18,55.088077966128914,3,0.2571906413787366,11,10100001,-5,0
SE13,D02,R01,0,2.535580545195099,19,39.66108528820019,36,136.40630988592733,20,59.13116292863325,3,0.2353386386127263,10,10100001,-5,0
SE13,D02,R01,0,2.535580545195099,19,39.66108528820019,36,136.40630988592733,20,59.13116292863325,3,0.2353386386127263,10,10100001,-5,0
SE13,D02,R01,0,2.5158130267463985,19,28.350389168650743,25,136.49750928562636,20,53.65907024504062,3,0.2839885805784158,12,10100001,-5,0
SE13,D02,R01,0,2.5158130267463985,19,28.350389168650743,25,136.49750928562636,20,53.65907024504062,3,0.2839885805784158,12,10100001,-5,0
SE13,D02,R01,0,2.499432308592168,18,23.29950272512662,21,116.69695225513806,17,50.3804571537855,3,0.2244480260417357,10,10100001,-5,0
SE13,D02,R01,0,2.3296810812705004,17,31.73456188290992,28,116.85727002813223,17,59.62361825068374,3,0.1730232628147534,8,10100001,-5,0
SE13,D02,R01,0,2.170434268092304,16,35.633461976489585,32,128.68170977993952,18,50.041085823469935,3,0.1746557472515368,8,10100001,-5,0
SE13,D02,R01,0,2.166550070730971,16,22.92162414692445,21,104.94929005912964,15,43.78951946613103,2,0.2004472045423932,9,10100001,-5,0
SE13,D02,R01,0,2.18700817573739,16,39.30074965420132,35,118.74944536179969,17,63.87483646699841,3,0.2589360509579236,11,10100001,-5,0
SE13,D02,R01,0,2.3636331091371554,17,31.556884675735493,28,141.39175656899,20,55.712904026993336,3,0.2832395999298361,12,10100001,-5,0
SE13,D02,R01,0,2.585834236042416,19,28.662181219839745,26,143.44878409968314,21,68.88878058776578,4,0.3486134666430122,15,10100001,-5,0
SE13,D02,R01,0,2.585834236042416,19,28.662181219839745,26,143.44878409968314,21,68.88878058776578,4,0.3486134666430122,15,10100001,-5,0
SE13,D02,R01,0,2.32572167794046,17,36.31011208472774,33,135.5626270254902,19,52.49896009900259,3,0.3459346513997202,15,10100001,-5,0
SE13,D02,R01,0,2.32572167794046,17,36.31011208472774,33,135.5626270254902,19,52.49896009900259,3,0.3459346513997202,15,10100001,-5,0
SE13,D02,R01,0,2.321896818117544,17,28.87507604481886,26,151.64092139048552,22,66.62497121670809,3,0.1048418406055449,5,10100001,-5,0
SE13,D02,R01,0,2.376830349386684,18,17.019785658458886,15,109.74132974891891,16,56.90309529272586,3,0.2249994777095526,10,10100001,-5,0
SE13,D02,R01,0,2.376830349386684,18,17.019785658458886,15,109.74132974891891,16,56.90309529272586,3,0.2249994777095526,10,10100001,-5,0
SE13,D02,R01,0,2.370218382483788,18,24.85049159482784,22,121.7125800727298,17,51.285805137868046,3,0.2937088256201884,13,10100001,-5,0
SE13,D02,R01,0,2.245540013264488,17,27.50612062012593,25,120.43660809988891,17,44.833647270538975,2,0.2682310484243963,12,10100001,-5,0
SE13,D02,R01,0,2.4757429144633787,18,35.36307784426103,32,120.79017796157731,17,64.52563704491187,3,0.3292084428591431,14,10100001,-5,0
SE13,D02,R01,0,2.579823067682525,19,41.85636884589478,38,112.83914850974053,16,74.20306860233548,4,0.3257051364949153,14,10100001,-5,0
SE13,D02,R01,0,2.579823067682525,19,41.85636884589478,38,112.83914850974053,16,74.20306860233548,4,0.3257051364949153,14,10100001,-5,0
SE13,D03,R01,0,2.224858860297027,16,46.53771583005043,42,135.39371081939245,19,102.64466472265212,5,0.120029389524316,5,10100001,-5,0
SE13,D03,R01,0,2.0222645309177065,15,22.598915518583308,20,92.69168665016116,13,65.08766161315913,3,0.1357256879181204,6,10100001,-5,0
SE13,D03,R01,0,2.0177624628397943,15,33.3902359125746,30,111.32313901209704,16,65.71781231114859,3,0.1180121477351558,5,10100001,-5,0
SE13,D03,R01,0,2.051491692418592,15,50.83244453752638,46,112.6822716954126,16,69.94293818139225,4,0.118073654016174,5,10100001,-5,0
SE13,D03,R01,0,2.051491692418592,15,50.83244453752638,46,112.6822716954126,16,69.94293818139225,4,0.118073654016174,5,10100001,-5,0
SE13,D03,R01,0,1.804543757803652,13,6.4372016099533935,6,112.37674557536258,16,52.84958630953896,3,0.1065341576759024,5,10100001,-5,0
SE13,D03,R01,0,1.9040915354035144,14,36.13826613203484,32,110.86073019047548,16,59.83007240472058,3,0.1080498816110324,5,10100001,-5,0
SE13,D03,R01,0,1.9040915354035144,14,36.13826613203484,32,110.86073019047548,16,59.83007240472058,3,0.1080498816110324,5,10100001,-5,0
SE13,D03,R01,0,1.9248936215026435,14,38.22017537656991,34,90.10761324220444,13,64.13397600192484,3,0.1143949969750983,5,10100001,-5,0
SE13,D03,R01,0,1.9248936215026435,14,38.22017537656991,34,90.10761324220444,13,64.13397600192484,3,0.1143949969750983,5,10100001,-5,0
SE13,D03,R01,0,1.81990590281948,13,4.046408169754369,4,91.77562792388366,13,45.412410749171215,2,0.1202903955660251,5,10100001,-5,0
SE13,D03,R01,0,2.0973725366794493,16,57.98644390944017,52,127.63836136500106,18,81.7029957630293,4,0.1044954412131172,5,10100001,-5,0
SE13,D03,R01,0,2.0973725366794493,16,57.98644390944017,52,127.63836136500106,18,81.7029957630293,4,0.1044954412131172,5,10100001,-5,0
SE13,D03,R01,0,1.984398068271428,15,48.24837024347133,43,121.65265157998894,17,78.26237389188032,4,0.1320827127089725,6,10100001,-5,0
SE13,D03,R01,0,1.8040828600206569,13,6.54497593503406,6,81.32478225243796,12,60.51890865242111,3,0.1119732790388665,5,10100001,-5,0
SE13,D03,R01,0,2.598584185764974,19,57.48949219341866,52,178.64385502742127,26,138.6454886166137,7,0.1531823778215129,7,10100001,-5,0
SE13,D03,R01,0,2.598584185764974,19,57.48949219341866,52,178.64385502742127,26,138.6454886166137,7,0.1531823778215129,7,10100001,-5,0
SE13,D03,R01,0,2.4903193919311084,18,21.45060336942453,19,147.33580781277692,21,93.04388047644156,5,0.1816488623693328,8,10100001,-5,0
SE13,D03,R01,0,2.22937391036734,16,24.847777558072835,22,136.21036832453683,20,63.09798707961423,3,0.123233355909083,5,10100001,-5,0
SE13,D03,R01,0,2.416103253513936,18,23.88467664851356,21,171.2572635899214,25,77.37760815486814,4,0.2302040831129812,10,10100001,-5,0
SE13,D03,R01,0,2.416103253513936,18,23.88467664851356,21,171.2572635899214,25,77.37760815486814,4,0.2302040831129812,10,10100001,-5,0
SE13,D03,R01,0,2.366716898353735,17,1.9599410242586568,2,173.84254738629826,25,116.55482516472092,6,0.2581293834022067,11,10100001,-5,0
SE13,D03,R01,0,2.5226603631121627,19,58.07557662727456,52,158.8010555866732,23,121.4591443809442,6,0.227016485302178,10,10100001,-5,0
SE13,D03,R01,0,2.5226603631121627,19,58.07557662727456,52,158.8010555866732,23,121.4591443809442,6,0.227016485302178,10,10100001,-5,0
SE13,D03,R01,0,2.4741861874238693,18,33.72544369830223,30,153.67969985612024,22,106.70060310333687,6,0.2556715868123708,11,10100001,-5,0
SE13,D03,R01,0,2.4340953034524064,18,49.15162355255149,44,193.09404259304705,28,110.31052810339996,6,0.1762747437745024,8,10100001,-5,0
SE13,D03,R01,0,2.4340953034524064,18,49.15162355255149,44,193.09404259304705,28,110.31052810339996,6,0.1762747437745024,8,10100001,-5,0
SE13,D03,R01,0,2.72932849045128,20,52.76414121668146,47,140.9255233928509,20,120.25719356846211,6,0.2324324491880148,10,10100001,-5,0
SE13,D03,R01,0,2.72932849045128,20,52.76414121668146,47,140.9255233928509,20,120.25719356846211,6,0.2324324491880148,10,10100001,-5,0
SE13,D03,R01,0,2.4791273439852404,18,62.30452197721432,56,152.51541247419976,22,112.37819716323764,6,0.185785292465188,8,10100001,-5,0
SE13,D03,R01,0,2.4791273439852404,18,62.30452197721432,56,152.51541247419976,22,112.37819716323764,6,0.185785292465188,8,10100001,-5,0
SE13,D03,R01,0,2.3230104527264968,17,32.773547882392506,29,146.83116552946152,21,96.00556596060956,5,0.2293633339849795,10,10100001,-5,0
SE13,D03,R01,0,2.3230104527264968,17,32.773547882392506,29,146.83116552946152,21,96.00556596060956,5,0.2293633339849795,10,10100001,-5,0
SE13,D03,R01,0,2.3392306688461297,17,25.89021444684876,23,187.97476583669948,27,127.35816821545932,7,0.2304337982284696,10,10100001,-5,0
SE13,D03,R01,0,2.3392306688461297,17,25.89021444684876,23,187.97476583669948,27,127.35816821545932,7,0.2304337982284696,10,10100001,-5,0
SE13,D03,R01,0,2.2308518169303766,16,60.49640696344344,54,143.25194322223382,21,116.27909976182995,6,0.1572712403454022,7,10100001,-5,0
SE13,D03,R01,0,2.2770087124905367,17,7.879874369287793,7,142.1140276591304,20,103.65342797248285,5,0.344992344549398,15,10100001,-5,0
SE13,D03,R01,0,2.769996765355174,20,2.2387334860346653,2,209.62498423679227,30,77.32465369826605,4,0.4881958203198276,21,10100001,-5,0
SE13,D03,R01,0,3.2318288022769037,24,63.95026972576802,57,216.05033181806604,31,206.20452561537175,11,0.2305785025971519,10,10100001,-5,0
SE13,D03,R01,0,3.2318288022769037,24,63.95026972576802,57,216.05033181806604,31,206.20452561537175,11,0.2305785025971519,10,10100001,-5,0
SE13,D03,R01,0,2.571027754774404,19,60.98943355211887,55,187.31786902290096,27,131.20243656453167,7,0.2330426602891196,10,10100001,-5,0
SE13,D03,R01,0,2.571027754774404,19,60.98943355211887,55,187.31786902290096,27,131.20243656453167,7,0.2330426602891196,10,10100001,-5,0
SE13,D03,R01,0,2.479573534321855,18,6.601708484403433,6,142.61944054626514,20,119.228614596189,6,0.3968620399880238,17,10100001,-5,0
SE13,D03,R01,0,2.614355393969336,19,70.1639922776754,63,185.671162388272,27,115.96548735101857,6,0.3128334614142751,14,10100001,-5,0
SE13,D03,R01,0,2.6745862979598125,20,59.91632237848688,54,175.10972500008157,25,173.8473204723008,9,0.2374160830278368,10,10100001,-5,0
SE13,D03,R01,0,2.716175482720085,20,66.3507793487128,59,201.65311787216925,29,136.32865252484245,7,0.23112849671131,10,10100001,-5,0
SE13,D03,R01,0,2.716175482720085,20,66.3507793487128,59,201.65311787216925,29,136.32865252484245,7,0.23112849671131,10,10100001,-5,0
SE13,D03,R01,0,2.191113783959613,16,30.95561282298448,28,154.9554844351878,22,79.47200078039498,4,0.1912222544306701,8,10100001,-5,0
SE13,D04,R01,0,4.2247606198365695,31,60.24434066312193,54,207.96979637369984,30,213.1619936952189,11,0.7157458686718579,31,10100001,-5,0
SE13,D04,R01,0,4.2247606198365695,31,60.24434066312193,54,207.96979637369984,30,213.1619936952189,11,0.7157458686718579,31,10100001,-5,0
SE13,D04,R01,0,3.4482033294415624,25,8.39234263466911,8,168.6512697999619,24,158.92572687893977,8,0.6984425939504777,31,10100001,-5,0
SE13,D04,R01,0,3.1876723299003773,24,5.547203089801043,5,163.23609206774577,23,73.07346441408367,4,0.9477837788822938,42,10100001,-5,0
SE13,D04,R01,0,4.1377956872487145,31,67.92148685266571,61,220.3555197006248,32,261.95677419346674,14,0.9321635607698308,41,10100001,-5,0
SE13,D04,R01,0,4.1377956872487145,31,67.92148685266571,61,220.3555197006248,32,261.95677419346674,14,0.9321635607698308,41,10100001,-5,0
SE13,D04,R01,0,4.134298306285066,31,7.619370013767414,7,227.12342115492743,33,166.68798524543843,9,0.8633807475901721,38,10100001,-5,0
SE13,D04,R01,0,4.134298306285066,31,7.619370013767414,7,227.12342115492743,33,166.68798524543843,9,0.8633807475901721,38,10100001,-5,0
SE13,D04,R01,0,3.834714115632717,28,5.040829701872883,5,167.264214856735,24,176.2429182258396,9,1.0718492971821276,47,10100001,-5,0
SE13,D04,R01,0,4.100449997932772,30,9.518730065527636,9,223.5028834813002,32,205.1478573018292,11,0.9265756800195506,41,10100001,-5,0
SE13,D04,R01,0,4.100449997932772,30,9.518730065527636,9,223.5028834813002,32,205.1478573018292,11,0.9265756800195506,41,10100001,-5,0
SE13,D04,R01,0,4.034899102406597,30,38.75050228182941,35,235.35429292100108,34,191.60622248803637,10,0.7358468517641841,32,10100001,-5,0
SE13,D04,R01,0,3.8761772090371935,29,8.839955470704208,8,171.5299980109544,25,135.4201944754391,7,0.7458536641738128,33,10100001,-5,0
SE13,D04,R01,0,3.8761772090371935,29,8.839955470704208,8,171.5299980109544,25,135.4201944754391,7,0.7458536641738128,33,10100001,-5,0
SE13,D04,R01,0,3.569466187987708,26,10.08806919707704,9,174.3508312949975,25,104.22907430900202,5,0.8891845248547144,39,10100001,-5,0
SE13,D04,R01,0,3.912662705033412,29,7.541264087216517,7,190.8611398397477,27,118.9098272254288,6,0.9547409383457888,42,10100001,-5,0
SE13,D04,R01,0,3.944411252259724,29,58.2093858279617,52,227.9085916074311,33,190.17645840840453,10,0.7160663017577257,32,10100001,-5,0
SE13,D04,R01,0,3.944411252259724,29,58.2093858279617,52,227.9085916074311,33,190.17645840840453,10,0.7160663017577257,32,10100001,-5,0
SE13,D04,R01,0,4.4270153564021335,33,69.98743612115263,63,235.83518392883687,34,262.6352190366624,14,0.8859011848518454,39,10100001,-5,0
SE13,D04,R01,0,4.4270153564021335,33,69.98743612115263,63,235.83518392883687,34,262.6352190366624,14,0.8859011848518454,39,10100001,-5,0
SE13,D04,R01,0,4.316655465090638,32,5.895052071285996,5,214.03971989398383,31,152.8584642622888,8,0.9333946417457974,41,10100001,-5,0
SE13,D04,R01,0,4.362877317359282,32,2.9445981713188893,3,228.6767147270164,33,210.6060198645037,11,1.1347553264048749,50,10100001,-5,0
SE13,D04,R01,0,4.362877317359282,32,2.9445981713188893,3,228.6767147270164,33,210.6060198645037,11,1.1347553264048749,50,10100001,-5,0
SE13,D04,R01,0,5.703951673819268,42,60.35007533605139,54,236.03558364722147,34,372.0649477086809,19,0.7483773993957166,33,10100001,-5,0
SE13,D04,R01,0,5.703951673819268,42,60.35007533605139,54,236.03558364722147,34,372.0649477086809,19,0.7483773993957166,33,10100001,-5,0
SE13,D04,R01,0,4.530039237486146,33,9.786942232303169,9,258.2049778050878,37,328.021477888503,17,1.2770017551316395,56,10100001,-5,0
SE13,D04,R01,0,4.530039237486146,33,9.786942232303169,9,258.2049778050878,37,328.021477888503,17,1.2770017551316395,56,10100001,-5,0
SE13,D04,R01,0,4.188815237713777,31,10.115843554703217,9,221.19519565191024,32,213.01297590184296,11,1.1080903307375625,49,10100001,-5,0
SE13,D04,R01,0,3.964676335751208,29,5.927636969147066,5,214.5698882646879,31,181.1475104129566,9,1.1172698881041905,49,10100001,-5,0
SE13,D04,R01,0,3.765572321986311,28,73.26678944971268,66,237.30303916829632,34,224.78095014519016,12,0.8560529091722059,38,10100001,-5,0
SE13,D04,R01,0,4.170442828260455,31,67.8152295117189,61,225.5307332318784,32,267.0420525273959,14,0.7355811727910748,32,10100001,-5,0
SE13,D04,R01,0,4.170442828260455,31,67.8152295117189,61,225.5307332318784,32,267.0420525273959,14,0.7355811727910748,32,10100001,-5,0
SE13,D04,R01,0,4.312052385624181,32,3.966095855866407,4,235.38442833331376,34,118.07670377591526,6,1.1586717215640132,51,10100001,-5,0
SE13,D04,R01,0,4.668970538424062,35,71.88032598656233,64,243.0034321382668,35,450.053343480342,23,0.8265786021961984,36,10100001,-5,0
SE13,D04,R01,0,4.668970538424062,35,71.88032598656233,64,243.0034321382668,35,450.053343480342,23,0.8265786021961984,36,10100001,-5,0
SE13,D04,R01,0,4.121110411696176,30,7.10486859957372,6,260.7234062260051,37,280.1555414726601,15,1.0915857712116248,48,10100001,-5,0
SE13,D04,R01,0,4.037791068624922,30,5.479190297638975,5,195.81616310336327,28,201.94127148142852,11,1.0284823974543078,45,10100001,-5,0
SE13,D04,R01,0,4.163800487183591,31,12.913959113340894,12,199.14171187896264,29,136.35253325092629,7,0.9680427740226096,43,10100001,-5,0
SE13,D04,R01,0,4.292927874577924,32,9.562242996304745,9,212.9027074482445,30,166.7743857257019,9,1.0089994622810372,44,10100001,-5,0
SE13,D04,R01,0,4.292927874577924,32,9.562242996304745,9,212.9027074482445,30,166.7743857257019,9,1.0089994622810372,44,10100001,-5,0
SE13,D04,R01,0,4.416381442858862,33,6.805034621831617,6,206.41405848851105,30,199.45221371235377,10,1.194974346027648,53,10100001,-5,0
SE13,D04,R01,0,4.416381442858862,33,6.805034621831617,6,206.41405848851105,30,199.45221371235377,10,1.194974346027648,53,10100001,-5,0
SE13,D04,R01,0,4.102570560645865,30,68.18598649745586,61,195.3063487037928,28,259.1318289632178,14,0.8806200235684599,39,10100001,-5,0
SE13,D04,R01,0,4.102570560645865,30,68.18598649745586,61,195.3063487037928,28,259.1318289632178,14,0.8806200235684599,39,10100001,-5,0
SE13,D04,R01,0,5.045526377473538,37,70.92420139060629,64,219.45148627652895,31,241.94084737931013,13,0.9525402718794392,42,10100001,-5,0
SE13,D04,R01,0,5.045526377473538,37,70.92420139060629,64,219.45148627652895,31,241.94084737931013,13,0.9525402718794392,42,10100001,-5,0
SE13,D04,R01,0,4.551773631066967,34,6.425233514161767,6,255.32828240191023,37,234.96331690260732,12,0.9966042657460062,44,10100001,-5,0
SE13,D04,R01,0,4.8612790808343656,36,21.643126509496938,19,278.44426925000084,40,280.01917646122945,15,0.7374618343544648,32,10100001,-5,0
SE13,D04,R01,0,4.8612790808343656,36,21.643126509496938,19,278.44426925000084,40,280.01917646122945,15,0.7374618343544648,32,10100001,-5,0
SE13,D05,R01,0,1.92765027203823,14,9.0479877739389,8,42.00114664715055,6,27.46662253498076,1,0.0624048727716258,3,10100001,-5,0
SE13,D05,R02,0,1.889111125563174,14,8.426291167053982,8,55.85280426433588,8,25.15101359933536,1,0.0393407313656472,2,10100001,-5,0
SE13,D05,R03,0,1.887333297946884,14,7.336005252258635,7,46.84928347559752,7,25.401754885910638,1,0.0812839543180241,4,10100001,-5,0
SE13,D05,R04,0,1.9718516304577944,15,11.373303107276357,10,51.1865216325874,7,32.933953035274044,2,0.0915522894072972,4,10100001,-5,0
SE13,D05,R05,0,1.943401577745272,14,4.186707257321771,4,50.70511906586445,7,22.130924857109903,1,0.0893191316309853,4,10100001,-5,0
SE13,D07,R01,0,1.4539700583794917,11,22.61982772646201,20,156.8233104862609,22,12.152493987999202,1,0.0059055794247989,0,10100001,-5,0
SE13,D07,R02,0,1.2344615278216955,9,29.67021538748492,27,89.51146418123048,13,7.241352984073535,0,0.0002188671626738,0,10100001,-5,0
SE13,D07,R03,0,1.3939019500970558,10,27.54032986139802,25,134.21721065646585,19,10.115947585453045,1,0.006613174094047,0,10100001,-5,0
SE13,D07,R04,0,1.428881475318304,11,36.11111177392562,32,127.74395746340866,18,7.57774196406098,0,0.0061006257662967,0,10100001,-5,0
SE13,D07,R05,0,1.475869959946294,11,30.284329487473908,27,112.31206786741784,16,13.421205607507591,1,0.0056378453301412,0,10100001,-5,0
SE13,D08,R01,0,1.7159956623725043,13,11.901353394079557,11,139.9397312870665,20,17.099933435754444,1,0.0028072680386018,0,10100001,-5,0
SE13,D08,R02,0,1.7419466271266213,13,11.17574050071445,10,130.1944693496006,19,26.31159073648761,1,0.0053904650865827,0,10100001,-5,0
SE13,D08,R03,0,1.9234503515512984,14,37.9628366025814,34,107.87673363557867,15,33.87192473827505,2,0.0001151255253882,0,10100001,-5,0
SE13,D08,R04,0,1.5437992227096964,11,14.666141942187942,13,103.69393448182382,15,11.93814939862734,1,0.004879578049923,0,10100001,-5,0
SE13,D08,R05,0,1.4319376930022567,11,20.204535520243077,18,104.54280019677483,15,15.797564918187446,1,0.0160385739904388,1,10100001,-5,0
SE13,D09,R01,0,1.993420268090594,15,26.187887148303204,23,76.89470503799299,11,38.38207250696794,2,0.0004471997424905,0,10100001,-5,0
SE13,D09,R02,0,1.7282452560441364,13,18.27913283516269,16,77.5746511275093,11,24.12685929224696,1,0.0002497003185824,0,10100001,-5,0
SE13,D09,R03,0,1.4958999548113796,11,24.295693595291915,22,82.3646762757802,12,11.164223531365767,1,0.0009321154579258,0,10100001,-5,0
SE13,D09,R04,0,1.5201436747860997,11,24.97588070105892,22,93.44675770957512,13,10.233546913533642,1,0.011747720560574,1,10100001,-5,0
SE13,D09,R05,0,1.2704563936799198,9,20.696515049224537,19,58.70858701060466,8,13.143533572994135,1,0.0081227550037588,0,10100001,-5,0
SE13,D10,R01,0,1.66826603761679,12,19.696653012452558,18,84.67292199171219,12,27.689017566185072,1,0.0459235881847911,2,10100001,-5,0
SE13,D10,R02,0,1.7290970508702297,13,28.004009133370413,25,104.83606742420444,15,30.335814995676323,2,0.0355856253220989,2,10100001,-5,0
SE13,D10,R03,0,1.7842970101170097,13,23.80930905274744,21,102.0857646062246,15,33.703443159732906,2,0.0367484862640375,2,10100001,-5,0
SE13,D10,R04,0,1.8640672477412292,14,22.96323308368681,21,123.12329659034012,18,42.30879453013685,2,0.0164478074802648,1,10100001,-5,0
SE13,D10,R05,0,1.5022870747890116,11,49.10981796046159,44,131.88212963013555,19,29.041332154171883,2,0.0052664152393201,0,10100001,-5,0
SE13,D11,R01,0,1.5439030003887468,11,11.968700565074672,11,138.77102168529086,20,36.46285731302959,2,0.0002520637763805,0,10100001,-5,0
SE13,D11,R02,0,1.4823588281224287,11,11.37585064721424,10,113.6257917189844,16,34.04217222486925,2,0.0002516603602264,0,10100001,-5,0
SE13,D11,R03,0,2.283289167807732,17,4.97201189996159,4,166.46211832499318,24,124.0073033496973,6,0.0001062853351954,0,10100001,-5,0
SE13,D11,R04,0,2.7859231500261386,21,6.514635002441281,6,242.26333599860592,35,155.354490584142,8,0.0003496043310782,0,10110101,-1,0
SE13,D11,R05,0,2.948703907876836,22,7.74432713425098,7,217.88590781384204,31,169.7000026706518,9,0.0002085184249126,0,10100101,-3,0
SE13,D12,R01,0,1.1191321034797734,8,81.2031286633714,73,62.89506268689893,9,9.387276490049356,0,0.0001239161244654,0,10000001,-3,0
SE13,D12,R02,0,1.1578457105560849,9,74.74877880064804,67,60.929963061485694,9,34.31000984820174,2,0.0015931529476807,0,10000001,-3,0
SE13,D12,R03,0,1.1672499878687888,9,87.02481605792457,78,66.9264056150408,10,11.858744964443524,1,0.0007013812351333,0,10000001,-3,0
SE13,D12,R04,0,1.134252855855177,8,87.4996076751382,78,58.4238131197315,8,11.580111347835407,1,0.0004816821176674,0,10000001,-3,0
SE13,D12,R05,0,1.1758915542113673,9,83.22248269326941,75,46.59433582226741,7,19.31033070224086,1,0.0005696676559051,0,10000001,-3,0
SE13,D14,R01,0,2.233691984767036,17,44.645240522448965,40,121.7982044110715,17,52.65271090435411,3,0.0158927443785493,1,10100001,-5,0
SE13,D14,R02,0,1.7451322156774576,13,80.53875690368925,72,149.16794895796633,21,29.62960115989346,2,0.0001263830862326,0,10000001,-3,0
SE13,D14,R03,0,1.4280856805309337,11,33.5450497818316,30,113.87691423542891,16,15.854439383801155,1,0.0009441458004793,0,10100001,-5,0
SE13,D14,R04,0,1.8496413424507805,14,57.168583685339605,51,190.744482179331,27,42.528239591893865,2,0.0002908194218165,0,10100001,-5,0
SE13,D14,R05,0,1.9185136382309416,14,40.26275984742139,36,150.559541043746,22,43.1412307777876,2,0.0008053050898266,0,10100001,-5,0
SE13,D15,R01,0,1.1731113270047626,9,26.931321170536336,24,60.48682526710528,9,10.717852461305366,1,0.0008677344968995,0,10100001,-5,0
SE13,D15,R02,0,1.1492875255593136,8,34.56832358631628,31,38.01103709578653,5,6.066608865296308,0,0.0012927303222813,0,10100001,-5,0
SE13,D15,R03,0,1.1547974406389416,9,39.57548251487295,35,43.854556146132026,6,6.657033201429918,0,0.0116106509840292,1,10100001,-5,0
SE13,D15,R04,0,1.1347034325685337,8,41.10350691557652,37,46.38169913990101,7,14.546986078936277,1,0.0062950028184948,0,10100001,-5,0
SE13,D15,R05,0,1.2364191440626788,9,31.23939766640749,28,62.493592172204586,9,6.072082194241579,0,0.0105840052519647,0,10100001,-5,0
SE13,D16,R01,0,1.2940127488323383,10,4.65689261917173,4,26.89026399111869,4,9.627403252065037,1,0.0001024294310079,0,10100001,-5,0
SE13,D16,R02,0,1.0706902275992634,8,3.159933093133044,3,7.466772703570198,1,13.930633537928294,1,5.857116780851377e-05,0,10100001,-5,0
SE13,D16,R03,0,1.097892545740332,8,1.0693510697678534,1,46.494889873259766,7,6.661983648225522,0,6.759518453178077e-05,0,10100001,-5,0
SE13,D16,R04,0,1.0947052190437216,8,30.960061213184797,28,56.62161409389629,8,7.756078428686575,0,0.0001282543467355,0,10100001,-5,0
SE13,D16,R05,0,1.0842359646096993,8,5.717022045088756,5,34.80850532733695,5,6.292733903887426,0,9.245114315850362e-05,0,10100001,-5,0
SE13,D17,R01,0,1.33335940017651,10,6.790584935786908,6,44.34891901408356,6,16.553962091494732,1,7.272712563604605e-05,0,10100001,-5,0
SE13,D17,R02,0,1.3346061988671742,10,5.035622049963705,5,31.901833141655107,5,17.663024763957537,1,6.521634620071158e-05,0,10100001,-5,0
SE13,D17,R03,0,1.4368523507077458,11,6.683862099351591,6,39.559116191696944,6,15.893834704611631,1,8.463832087814823e-05,0,10100001,-5,0
SE13,D17,R04,0,1.462696342656367,11,5.5807055913347074,5,34.359106811337206,5,18.019478649942663,1,7.049187318311614e-05,0,10100001,-5,0
SE13,D17,R05,0,1.4212363349304584,11,37.13060063176374,33,116.19639906782052,17,13.287403248794892,1,0.0104167956612353,0,10100001,-5,0
SE14,D01,R01,0,1.559631155376268,12,12.733574753113764,11,90.8121905232963,13,15.654303544222792,1,0.0292451197862173,1,10100001,-5,0
SE14,D01,R01,0,1.825573305980292,13,20.116260477314825,18,117.02884424586463,17,28.79775202425505,2,0.0374718262211951,2,10100001,-5,0
SE14,D01,R01,0,1.825573305980292,13,20.116260477314825,18,117.02884424586463,17,28.79775202425505,2,0.0374718262211951,2,10100001,-5,0
SE14,D01,R01,0,1.5583832486296094,12,23.12284510093845,21,70.85887235822804,10,27.474795040545263,1,0.0344958753515803,2,10100001,-5,0
SE14,D01,R01,0,1.493112646780732,11,32.45623300801844,29,67.52844290700212,10,21.60969266483179,1,0.0324447554884575,1,10100001,-5,0
SE14,D01,R01,0,1.4891524680979404,11,5.783922891534811,5,44.82777733067982,6,14.87990973020259,1,0.0338182243240457,1,10100001,-5,0
SE14,D01,R01,0,1.458177540041421,11,2.4272815019693965,2,56.2717660541574,8,19.07774044715369,1,0.0313878305382136,1,10100001,-5,0
SE14,D01,R01,0,1.6116204753727303,12,27.73469727343989,25,71.56571830775744,10,24.126600457338256,1,0.0319494788523138,1,10100001,-5,0
SE14,D01,R01,0,1.6116204753727303,12,27.73469727343989,25,71.56571830775744,10,24.126600457338256,1,0.0319494788523138,1,10100001,-5,0
SE14,D01,R01,0,1.7591618085198095,13,28.927761113902,26,68.83093448235114,10,41.41699925534597,2,0.0371817826019414,2,10100001,-5,0
SE14,D01,R01,0,1.7591618085198095,13,28.927761113902,26,68.83093448235114,10,41.41699925534597,2,0.0371817826019414,2,10100001,-5,0
SE14,D01,R01,0,1.4729152623682014,11,24.56198360557604,22,53.926417130448506,8,16.575639778721694,1,0.0284224368408062,1,10100001,-5,0
SE14,D01,R01,0,1.5291609234749666,11,20.914722314343493,19,57.74664478752588,8,15.11098816642451,1,0.0568165186508189,2,10100001,-5,0
SE14,D01,R01,0,1.6062384104032277,12,13.123701035188027,12,56.593316150773816,8,20.864911261769503,1,0.0504201545843711,2,10100001,-5,0
SE14,D01,R01,0,1.6062384104032277,12,13.123701035188027,12,56.593316150773816,8,20.864911261769503,1,0.0504201545843711,2,10100001,-5,0
SE14,D01,R01,0,1.64873830934303,12,22.01615969021332,20,90.66932186336332,13,15.559173876801324,1,0.0482185018587198,2,10100001,-5,0
SE14,D01,R01,0,1.64873830934303,12,22.01615969021332,20,90.66932186336332,13,15.559173876801324,1,0.0482185018587198,2,10100001,-5,0
SE14,D01,R01,0,1.5730648686734718,12,25.110825683432346,23,67.82725173714947,10,28.502311538315706,1,0.0365505959559391,2,10100001,-5,0
SE14,D01,R01,0,1.4790508959242663,11,27.596972795893308,25,57.483971683780574,8,12.858504867368303,1,0.0389033036123053,2,10100001,-5,0
SE14,D01,R01,0,1.552752800598223,11,36.344636924175376,33,87.35964707189095,13,27.557245501431854,1,0.0527241846267268,2,10100001,-5,0
SE14,D01,R01,0,1.552752800598223,11,36.344636924175376,33,87.35964707189095,13,27.557245501431854,1,0.0527241846267268,2,10100001,-5,0
SE14,D01,R01,0,1.5664452146026564,12,15.292849165354577,14,65.1994897453843,9,14.249073861584938,1,0.0506594296444765,2,10100001,-5,0
SE14,D01,R01,0,1.5664452146026564,12,15.292849165354577,14,65.1994897453843,9,14.249073861584938,1,0.0506594296444765,2,10100001,-5,0
SE14,D01,R01,0,1.5616550449738211,12,18.764601363936627,17,37.50549514562662,5,16.29984527345485,1,0.0331816577033464,1,10100001,-5,0
SE14,D01,R01,0,1.5296298428229909,11,18.56409917197623,17,38.46062460831551,6,15.287831544465291,1,0.0402220929026207,2,10100001,-5,0
SE14,D01,R01,0,1.552752800598223,11,11.365650209884793,10,45.74921883765615,7,15.918108022368882,1,0.0521080742875055,2,10100001,-5,0
SE14,D01,R01,0,1.552752800598223,11,11.365650209884793,10,45.74921883765615,7,15.918108022368882,1,0.0521080742875055,2,10100001,-5,0
SE14,D01,R01,0,1.5485608710943122,11,7.266930983682394,7,41.59544778937051,6,13.0834063558126,1,0.041902497181124,2,10100001,-5,0
SE14,D01,R01,0,1.6623836161095231,12,14.240396014798804,13,57.67977273462749,8,21.66325486327008,1,0.061034435254019,3,10100001,-5,0
SE14,D01,R01,0,1.6623836161095231,12,14.240396014798804,13,57.67977273462749,8,21.66325486327008,1,0.061034435254019,3,10100001,-5,0
SE14,D01,R01,0,1.5960939412016528,12,22.011957156038623,20,71.53669225105746,10,14.694088157161689,1,0.0463030144065621,2,10100001,-5,0
SE14,D01,R01,0,1.583000281926104,12,29.690159273011005,27,72.45394937796125,10,17.360934624274414,1,0.0692331472927808,3,10100001,-5,0
SE14,D01,R01,0,1.583000281926104,12,29.690159273011005,27,72.45394937796125,10,17.360934624274414,1,0.0692331472927808,3,10100001,-5,0
SE14,D01,R01,0,1.580492113952368,12,23.061608337003506,21,69.4739888181123,10,15.347499263948894,1,0.0589132722587548,3,10100001,-5,0
SE14,D01,R01,0,1.7953288184636955,13,34.050395046824214,31,103.1530436040889,15,37.992521756186505,2,0.0636436329956369,3,10100001,-5,0
SE14,D01,R01,0,1.7953288184636955,13,34.050395046824214,31,103.1530436040889,15,37.992521756186505,2,0.0636436329956369,3,10100001,-5,0
SE14,D01,R01,0,1.9078542493896284,14,5.192041350118986,5,123.14458025720332,18,26.888428524388708,1,0.0757545383136715,3,10100001,-5,0
SE14,D01,R01,0,2.03515625,15,12.88901379532927,12,127.97354899945896,18,39.26098353506347,2,0.1057715362246354,5,10100001,-5,0
SE14,D01,R01,0,2.03515625,15,12.88901379532927,12,127.97354899945896,18,39.26098353506347,2,0.1057715362246354,5,10100001,-5,0
SE14,D01,R01,0,2.001792104804936,15,8.74719897628341,8,120.10614608011386,17,30.862707552509814,2,0.076021972683435,3,10100001,-5,0
SE14,D01,R01,0,1.7422444287223484,13,13.317593188632609,12,108.90910854993852,16,22.898429301630287,1,0.048086351469201,2,10100001,-5,0
SE14,D01,R01,0,1.7082464924891732,13,16.673976031640233,15,95.30312773479405,14,27.555533297150035,1,0.0478346466056706,2,10100001,-5,0
SE14,D01,R01,0,1.7082464924891732,13,16.673976031640233,15,95.30312773479405,14,27.555533297150035,1,0.0478346466056706,2,10100001,-5,0
SE14,D01,R01,0,1.5944248341511156,12,29.15707047162066,26,72.4663395680231,10,27.485007998210254,1,0.049112380243452,2,10100001,-5,0
SE14,D01,R01,0,1.6518311483254349,12,29.16850218418689,26,73.23318426109506,10,20.0281409742332,1,0.057692487563779,3,10100001,-5,0
SE14,D01,R01,0,1.6784606711535943,12,28.193677177311457,25,99.36843979372786,14,40.4736123821217,2,0.0492160291673585,2,10100001,-5,0
SE14,D01,R01,0,1.6784606711535943,12,28.193677177311457,25,99.36843979372786,14,40.4736123821217,2,0.0492160291673585,2,10100001,-5,0
SE14,D01,R01,0,1.6099532486661297,12,23.21222368196618,21,65.6696871334748,9,22.75015029055778,1,0.0451342394197681,2,10100001,-5,0
SE14,D01,R01,0,1.635310402432727,12,22.900349965756675,21,58.76522404666549,8,32.00504730011979,2,0.0159919992365559,1,10100001,-5,0
SE14,D02,R01,0,1.7481156149193908,13,23.44076856254519,21,72.15447512624947,10,23.205060428159108,1,0.1196175811632682,5,10100001,-5,0
SE14,D02,R01,0,1.7775540740939852,13,22.824366217409327,20,83.51989317675908,12,38.85842411790335,2,0.0992544390350283,4,10100001,-5,0
SE14,D02,R01,0,1.9917661931962232,15,23.616891249683327,21,111.5081068414708,16,53.36062838158071,3,0.1213967062775571,5,10100001,-5,0
SE14,D02,R01,0,1.9917661931962232,15,23.616891249683327,21,111.5081068414708,16,53.36062838158071,3,0.1213967062775571,5,10100001,-5,0
SE14,D02,R01,0,1.937003779701559,14,30.888810074416337,28,77.60782723892774,11,56.09761020280084,3,0.1351507309567622,6,10100001,-5,0
SE14,D02,R01,0,2.086500684740332,15,28.19506198040997,25,94.14409219522236,13,57.48633195378638,3,0.1341626102014902,6,10100001,-5,0
SE14,D02,R01,0,2.086500684740332,15,28.19506198040997,25,94.14409219522236,13,57.48633195378638,3,0.1341626102014902,6,10100001,-5,0
SE14,D02,R01,0,2.1293147543851254,16,41.08822248859986,37,181.9737363993904,26,65.11156363267021,3,0.0935794600023896,4,10100001,-5,0
SE14,D02,R01,0,2.1293147543851254,16,41.08822248859986,37,181.9737363993904,26,65.11156363267021,3,0.0935794600023896,4,10100001,-5,0
SE14,D02,R01,0,2.0535360961149123,15,23.26679373215226,21,83.38362944238598,12,54.51880430957638,3,0.104135265070084,5,10100001,-5,0
SE14,D02,R01,0,2.029194422642348,15,25.84975800159979,23,87.71068378811712,13,41.08081140560285,2,0.1713279344544563,8,10100001,-5,0
SE14,D02,R01,0,1.9168546280401813,14,41.907804306184346,38,117.00122651859256,17,42.93261117582241,2,0.1304296364007343,6,10100001,-5,0
SE14,D02,R01,0,1.7834416341725343,13,41.08665542428063,37,91.00218988890929,13,24.05799750360238,1,0.1159967579598079,5,10100001,-5,0
SE14,D02,R01,0,1.881426162329225,14,6.442863286582421,6,98.0509221430926,14,27.03550100541183,1,0.2425997660551024,11,10100001,-5,0
SE14,D02,R01,0,2.2411017896216388,17,5.8859242826292855,5,161.65038704836118,23,38.01506305355517,2,0.2759948284157451,12,10100001,-5,0
SE14,D02,R01,0,2.2411017896216388,17,5.8859242826292855,5,161.65038704836118,23,38.01506305355517,2,0.2759948284157451,12,10100001,-5,0
SE14,D02,R01,0,1.866353762604373,14,15.42482142561806,14,125.53016171542744,18,33.94797603870585,2,0.2120263530646659,9,10100001,-5,0
SE14,D02,R01,0,2.217174561713483,16,70.25900036393047,63,166.90170335174722,24,64.52908887137072,3,0.1729610149481787,8,10100001,-5,0
SE14,D02,R01,0,2.217174561713483,16,70.25900036393047,63,166.90170335174722,24,64.52908887137072,3,0.1729610149481787,8,10100001,-5,0
SE14,D02,R01,0,2.079552640490332,15,1.903230770841221,2,98.0566399867477,14,33.66759946965665,2,0.198901222448101,9,10100001,-5,0
SE14,D02,R01,0,2.079552640490332,15,1.903230770841221,2,98.0566399867477,14,33.66759946965665,2,0.198901222448101,9,10100001,-5,0
SE14,D02,R01,0,1.894128501005228,14,7.343553707183037,7,135.93274743991194,19,34.78343355772404,2,0.1775371343084046,8,10100001,-5,0
SE14,D02,R01,0,2.0990597027579248,16,54.69075882976652,49,159.3396138194731,23,50.77187246627282,3,0.1792860401019876,8,10100001,-5,0
SE14,D02,R01,0,2.0990597027579248,16,54.69075882976652,49,159.3396138194731,23,50.77187246627282,3,0.1792860401019876,8,10100001,-5,0
SE14,D02,R01,0,1.8764032834725488,14,9.325295042001647,8,112.10345608175824,16,26.765470650070625,1,0.1809190552094811,8,10100001,-5,0
SE14,D02,R01,0,1.8764032834725488,14,9.325295042001647,8,112.10345608175824,16,26.765470650070625,1,0.1809190552094811,8,10100001,-5,0
SE14,D02,R01,0,1.820115500337908,13,4.90042431371269,4,113.19472856362434,16,35.379961858085494,2,0.184216072529401,8,10100001,-5,0
SE14,D02,R01,0,1.95510446566921,14,58.87793256210773,53,124.256440808359,18,50.61266249177891,3,0.2142447613615611,9,10100001,-5,0
SE14,D02,R01,0,2.016964489512179,15,3.008355951127605,3,110.01920020447952,16,38.16228760826892,2,0.1934476754074009,9,10100001,-5,0
SE14,D02,R01,0,2.1004077333899662,16,27.197000138556888,24,128.54742914675984,18,36.60766261951309,2,0.1770777590262174,8,10100001,-5,0
SE14,D02,R01,0,2.1004077333899662,16,27.197000138556888,24,128.54742914675984,18,36.60766261951309,2,0.1770777590262174,8,10100001,-5,0
SE14,D02,R01,0,1.9634298466447209,15,44.94378968229864,40,103.65185680170796,15,39.72331284634842,2,0.1718275679778128,8,10100001,-5,0
SE14,D02,R01,0,2.107417349682352,16,3.740293801866159,3,138.74377146478898,20,35.60607835252281,2,0.2536335823711391,11,10100001,-5,0
SE14,D02,R01,0,2.107417349682352,16,3.740293801866159,3,138.74377146478898,20,35.60607835252281,2,0.2536335823711391,11,10100001,-5,0
SE14,D02,R01,0,2.0935240666345645,15,13.385578381800444,12,132.5023339173955,19,33.32340794929651,2,0.1797766315308242,8,10100001,-5,0
SE14,D02,R01,0,2.0935240666345645,15,13.385578381800444,12,132.5023339173955,19,33.32340794929651,2,0.1797766315308242,8,10100001,-5,0
SE14,D02,R01,0,1.920318221106205,14,5.012765057760605,4,117.660869745794,17,31.51738519600098,2,0.2250124843138235,10,10100001,-5,0
SE14,D02,R01,0,1.9596336863226027,14,4.96855596698781,4,157.39485222388453,23,28.38149136386816,1,0.2360545104515047,10,10100001,-5,0
SE14,D02,R01,0,2.070084008617615,15,7.082480009445936,6,137.42538128880275,20,35.94100331698056,2,0.2095730084738664,9,10100001,-5,0
SE14,D02,R01,0,2.070084008617615,15,7.082480009445936,6,137.42538128880275,20,35.94100331698056,2,0.2095730084738664,9,10100001,-5,0
SE14,D02,R01,0,1.9646728926707653,15,7.56781940045169,7,126.28648766519017,18,42.90906604779043,2,0.2145582975764448,9,10100001,-5,0
SE14,D02,R01,0,1.981905143554271,15,3.146225329187378,3,131.45217140746942,19,27.713847094820608,1,0.1978655206390087,9,10100001,-5,0
SE14,D02,R01,0,1.981905143554271,15,3.146225329187378,3,131.45217140746942,19,27.713847094820608,1,0.1978655206390087,9,10100001,-5,0
SE14,D02,R01,0,2.025837892092816,15,11.58622649063575,10,120.15791721948337,17,34.601690826568145,2,0.2021136519410418,9,10100001,-5,0
SE14,D02,R01,0,2.025837892092816,15,11.58622649063575,10,120.15791721948337,17,34.601690826568145,2,0.2021136519410418,9,10100001,-5,0
SE14,D02,R01,0,2.1052078340187848,16,30.81003835793915,28,187.847619875003,27,34.63247609112856,2,0.2325959072781732,10,10100001,-5,0
SE14,D02,R01,0,2.1052078340187848,16,30.81003835793915,28,187.847619875003,27,34.63247609112856,2,0.2325959072781732,10,10100001,-5,0
SE14,D02,R01,0,2.086003334635248,15,4.187284851981285,4,166.6296542813283,24,30.638354126012143,2,0.2292167169352099,10,10100001,-5,0
SE14,D02,R01,0,2.086003334635248,15,4.187284851981285,4,166.6296542813283,24,30.638354126012143,2,0.2292167169352099,10,10100001,-5,0
SE14,D03,R01,0,3.660994101008248,27,21.71795851413808,19,459.2718563283301,66,206.64114630227624,11,0.6593374616945382,29,10100001,-5,0
SE14,D03,R01,0,3.785567411879336,28,73.37842781094973,66,510.9215343092375,73,238.207537618654,12,0.5407801966895259,24,10100011,-3,0
SE14,D03,R01,0,3.785567411879336,28,73.37842781094973,66,510.9215343092375,73,238.207537618654,12,0.5407801966895259,24,10100011,-3,0
SE14,D03,R01,0,3.8941237562642463,29,18.038982441518595,16,474.71751248784295,68,194.4075145838053,10,0.5657303638640061,25,10100001,-5,0
SE14,D03,R01,0,3.8941237562642463,29,18.038982441518595,16,474.71751248784295,68,194.4075145838053,10,0.5657303638640061,25,10100001,-5,0
SE14,D03,R01,0,3.6940879809152074,27,19.15740568738661,17,430.2167320894095,62,170.6966340290422,9,0.502122064768974,22,10100001,-5,0
SE14,D03,R01,0,3.5770224659176644,26,20.24967590270633,18,417.31041908345225,60,166.97226556315448,9,0.6697660994480046,29,10100001,-5,0
SE14,D03,R01,0,3.734654882947896,28,20.680594006426738,19,465.6178496278992,67,183.9332961037206,10,0.7427581564549448,33,10100001,-5,0
SE14,D03,R01,0,3.934330709267183,29,73.46444607785925,66,447.6409611579368,64,235.01841530219565,12,0.7150390560007657,31,10100011,-3,0
SE14,D03,R01,0,3.934330709267183,29,73.46444607785925,66,447.6409611579368,64,235.01841530219565,12,0.7150390560007657,31,10100011,-3,0
SE14,D03,R01,0,3.782869858998217,28,23.41109818380663,21,415.8149423247994,60,205.7712687782345,11,0.7376066087449457,32,10100001,-5,0
SE14,D03,R01,0,3.782869858998217,28,23.41109818380663,21,415.8149423247994,60,205.7712687782345,11,0.7376066087449457,32,10100001,-5,0
SE14,D03,R01,0,4.197234269455937,31,13.311087528563888,12,539.9701900609788,77,273.7179176291623,14,0.889441392323744,39,10100001,-5,0
SE14,D03,R01,0,4.197234269455937,31,13.311087528563888,12,539.9701900609788,77,273.7179176291623,14,0.889441392323744,39,10100001,-5,0
SE14,D03,R01,0,4.141513023878245,31,17.493326627225432,16,533.8510691545147,76,199.5584129410521,10,0.5338110183047808,23,10100111,-1,0
SE14,D03,R01,0,3.9841375541993087,29,14.95852052448529,13,482.0711698958003,69,242.20838542220488,13,0.7179819958412947,32,10100001,-5,0
SE14,D03,R01,0,4.044598856157006,30,18.070369267735373,16,472.85810999412274,68,235.80217055983263,12,0.8766342428069415,39,10100001,-5,0
SE14,D03,R01,0,4.044598856157006,30,18.070369267735373,16,472.85810999412274,68,235.80217055983263,12,0.8766342428069415,39,10100001,-5,0
SE14,D03,R01,0,3.5587566853478214,26,16.871812112119386,15,413.8333073169653,59,180.01671978147692,9,0.6797968087008858,30,10100001,-5,0
SE14,D03,R01,0,3.869110554054018,29,22.43513954021649,20,461.4556075855924,66,208.1986820562969,11,0.6760407866786032,30,10100001,-5,0
SE14,D03,R01,0,3.869110554054018,29,22.43513954021649,20,461.4556075855924,66,208.1986820562969,11,0.6760407866786032,30,10100001,-5,0
SE14,D03,R01,0,4.028591965272265,30,16.691964027847785,15,486.7010869576218,70,219.50073376765727,11,0.7311244650638378,32,10100001,-5,0
SE14,D03,R01,0,4.028591965272265,30,16.691964027847785,15,486.7010869576218,70,219.50073376765727,11,0.7311244650638378,32,10100001,-5,0
SE14,D03,R01,0,3.908881925839696,29,16.70629743492673,15,453.237346993844,65,208.233527985489,11,0.8592646702665633,38,10100001,-5,0
SE14,D03,R01,0,3.7486122106533473,28,14.81288313349028,13,356.3900316822084,51,165.73742874480067,9,0.7647921547061743,34,10100001,-5,0
SE14,D03,R01,0,3.806145046146388,28,22.40478551736157,20,421.5915928918985,60,186.31520877754892,10,0.8245495261433744,36,10100001,-5,0
SE14,D03,R01,0,3.806145046146388,28,22.40478551736157,20,421.5915928918985,60,186.31520877754892,10,0.8245495261433744,36,10100001,-5,0
SE14,D03,R01,0,3.6625046661659697,27,18.163062704010606,16,408.5153134261472,59,181.0579575151692,9,0.6504372257200873,29,10100001,-5,0
SE14,D03,R01,0,3.579372138689489,26,12.790432550868054,11,394.1131113390452,56,158.02622844322008,8,0.6442767187409641,28,10100001,-5,0
SE14,D03,R01,0,3.880587579341239,29,22.899615067024307,21,361.5111892496653,52,265.9972727713173,14,0.5019910679384448,22,10100001,-5,0
SE14,D03,R01,0,3.880587579341239,29,22.899615067024307,21,361.5111892496653,52,265.9972727713173,14,0.5019910679384448,22,10100001,-5,0
SE14,D03,R01,0,3.6119465440277576,27,15.687632286756816,14,376.6645898575341,54,148.33571669841942,8,0.6304505445316454,28,10100001,-5,0
SE14,D03,R01,0,3.841585868156779,28,17.76786137493473,16,364.1703452057986,52,191.70787210510375,10,0.7208611728268085,32,10100001,-5,0
SE14,D03,R01,0,3.841585868156779,28,17.76786137493473,16,364.1703452057986,52,191.70787210510375,10,0.7208611728268085,32,10100001,-5,0
SE14,D03,R01,0,3.8881730162502897,29,18.594096648151776,17,416.9891946939815,60,199.7830244542112,10,0.6243145740996535,27,10100001,-5,0
SE14,D03,R01,0,3.8881730162502897,29,18.594096648151776,17,416.9891946939815,60,199.7830244542112,10,0.6243145740996535,27,10100001,-5,0
SE14,D03,R01,0,3.550366535875205,26,13.574778868043284,12,406.6188540754987,58,156.84043471424886,8,0.6234682886753327,27,10100001,-5,0
SE14,D03,R01,0,3.775630590052351,28,10.391707111905426,9,408.3215915766095,58,180.9879691383312,9,0.7668056100847933,34,10100001,-5,0
SE14,D03,R01,0,3.775630590052351,28,10.391707111905426,9,408.3215915766095,58,180.9879691383312,9,0.7668056100847933,34,10100001,-5,0
SE14,D03,R01,0,3.753207043363257,28,14.166333143575962,13,405.7621732082645,58,176.5052837935517,9,0.7269180013765519,32,10100001,-5,0
SE14,D03,R01,0,3.686419829876865,27,14.463751501970584,13,412.7184674058474,59,195.76208432809815,10,0.8325315142741403,37,10100001,-5,0
SE14,D03,R01,0,3.971190655786923,29,19.15243025113841,17,515.8218708758662,74,235.72527806139027,12,0.7028903109712846,31,10100001,-5,0
SE14,D03,R01,0,4.112398261113315,30,14.87467748282832,13,515.8218708758662,74,235.72527806139027,12,0.7245559391161581,32,10100001,-5,0
SE14,D03,R01,0,4.112398261113315,30,14.87467748282832,13,515.8218708758662,74,235.72527806139027,12,0.7245559391161581,32,10100001,-5,0
SE14,D03,R01,0,4.085377291901875,30,15.818712278973711,14,479.2360682260908,69,209.87897400188095,11,0.6444095275914447,28,10100001,-5,0
SE14,D03,R01,0,4.484281425961863,33,80.55745404925398,72,529.0067834971297,76,286.64515082643345,15,0.6817824898593401,30,10100011,-3,0
SE14,D03,R01,0,4.484281425961863,33,80.55745404925398,72,529.0067834971297,76,286.64515082643345,15,0.6817824898593401,30,10100011,-3,0
SE14,D03,R01,0,4.056848909102859,30,24.743601373179843,22,474.9682329560176,68,211.5092758454225,11,0.8080253687980911,36,10100001,-5,0
SE14,D03,R01,0,4.056848909102859,30,24.743601373179843,22,474.9682329560176,68,211.5092758454225,11,0.8080253687980911,36,10100001,-5,0
SE14,D04,R01,0,4.343526930535721,32,78.23920428152786,70,349.79320466807445,50,308.64067572857266,16,1.8365688777068936,81,10100001,-5,0
SE14,D04,R01,0,5.76851691108864,43,74.39190598852451,67,582.582801267035,83,443.2593869456021,23,1.5707047310563549,69,10100001,-5,0
SE14,D04,R01,0,6.174351757788525,46,77.33221666314391,69,608.1891901702102,87,486.4450744129117,25,1.5975460240311403,70,10100001,-5,0
SE14,D04,R01,0,6.174351757788525,46,77.33221666314391,69,608.1891901702102,87,486.4450744129117,25,1.5975460240311403,70,10100001,-5,0
SE14,D04,R01,0,7.155556990871457,53,75.61632812613715,68,736.8740112356294,106,608.8743420082187,32,1.3953815795161468,61,10100011,-3,0
SE14,D04,R01,0,7.155556990871457,53,75.61632812613715,68,736.8740112356294,106,608.8743420082187,32,1.3953815795161468,61,10100011,-3,0
SE14,D04,R01,0,5.471034679014965,40,78.43447197903423,70,478.4707846360033,69,398.8201820111731,21,2.008115326952467,88,10100001,-5,0
SE14,D04,R01,0,6.854441473958464,51,78.07589909573457,70,543.1695676522548,78,511.5965204146143,27,1.9061679919302037,84,10100001,-5,0
SE14,D04,R01,0,6.854441473958464,51,78.07589909573457,70,543.1695676522548,78,511.5965204146143,27,1.9061679919302037,84,10100001,-5,0
SE14,D04,R01,0,6.255155344496974,46,74.32329535851494,67,619.2182077121021,89,530.8231510392395,28,1.592827442660169,70,10100001,-5,0
SE14,D04,R01,0,6.255155344496974,46,74.32329535851494,67,619.2182077121021,89,530.8231510392395,28,1.592827442660169,70,10100001,-5,0
SE14,D04,R01,0,5.758631323222287,43,82.60797893671926,74,497.4372161673186,71,477.35124818179713,25,2.28647809855389,101,10100001,-5,0
SE14,D04,R01,0,6.650729903698776,49,75.64950819275785,68,685.3957593815325,98,557.3008438934008,29,1.6295365934884072,72,10100011,-3,0
SE14,D04,R01,0,6.75626901629204,50,77.6466780353606,70,558.5475048849502,80,510.16233564423806,27,1.559431412232396,69,10100001,-5,0
SE14,D04,R01,0,6.75626901629204,50,77.6466780353606,70,558.5475048849502,80,510.16233564423806,27,1.559431412232396,69,10100001,-5,0
SE14,D04,R01,0,6.925820907246867,51,73.94885923217302,66,664.6758444642501,95,584.0381920266499,30,1.675509652301364,74,10100011,-3,0
SE14,D04,R01,0,6.925820907246867,51,73.94885923217302,66,664.6758444642501,95,584.0381920266499,30,1.675509652301364,74,10100011,-3,0
SE14,D04,R01,0,6.396802532640941,47,82.89690523550546,74,509.0756259136926,73,441.7645624237255,23,1.4919857185558216,66,10100001,-5,0
SE14,D04,R01,0,6.509132425418969,48,76.53219742726793,69,508.7580094773127,73,553.4006777963601,29,1.793441092909368,79,10100001,-5,0
SE14,D04,R01,0,6.509132425418969,48,76.53219742726793,69,508.7580094773127,73,553.4006777963601,29,1.793441092909368,79,10100001,-5,0
SE14,D04,R01,0,5.551792769376534,41,76.3306433059594,68,540.0245830119273,77,396.1186512205816,21,1.4305869406661884,63,10100001,-5,0
SE14,D04,R01,0,5.463694650007047,40,74.80783869970924,67,533.8424859668665,76,460.03777782586735,24,1.206343864882998,53,10100001,-5,0
SE14,D04,R01,0,6.45536148441985,48,81.62366092054364,73,640.8683878576309,92,629.494938966679,33,1.309769343380338,58,10100011,-3,0
SE14,D04,R01,0,6.45536148441985,48,81.62366092054364,73,640.8683878576309,92,629.494938966679,33,1.309769343380338,58,10100011,-3,0
SE14,D04,R01,0,6.240683974902861,46,80.63491196419051,72,494.8078972680814,71,553.1495510620747,29,1.4512066614858696,64,10100001,-5,0
SE14,D04,R01,0,5.547172087114523,41,76.46325016940148,69,476.513258156654,68,488.810704144454,25,1.3530663940786225,60,10100001,-5,0
SE14,D04,R01,0,4.60251906706483,34,79.00052622155275,71,504.28621988541806,72,322.7162505381434,17,0.8697689248746491,38,10100011,-3,0
SE14,D04,R01,0,4.685764652739121,35,15.04446495507221,13,452.8599078737906,65,300.09487856528057,16,1.5864436397884103,70,10100001,-5,0
SE14,D04,R01,0,5.764838932695508,43,75.94330786840948,68,487.5121888446468,70,409.3462327794247,21,1.42033856530571,62,10100001,-5,0
SE14,D04,R01,0,5.764838932695508,43,75.94330786840948,68,487.5121888446468,70,409.3462327794247,21,1.42033856530571,62,10100001,-5,0
SE14,D04,R01,0,5.2245505983843366,39,77.44246461540246,69,501.2729578516044,72,406.1162366141007,21,1.1172874353566855,49,10100001,-5,0
SE14,D04,R01,0,5.206880331177501,38,82.17817490213278,74,422.4179888448281,60,449.1348513346335,23,1.507353676086753,66,10100001,-5,0
SE14,D04,R01,0,5.246576555408089,39,78.34838767448713,70,532.5029128178551,76,402.76246123171,21,1.5066297995398412,66,10100001,-5,0
SE14,D04,R01,0,6.095665263920389,45,78.64710647297692,70,599.0757602493647,86,626.8364937679323,33,1.4652460579199336,64,10100001,-5,0
SE14,D04,R01,0,6.095665263920389,45,78.64710647297692,70,599.0757602493647,86,626.8364937679323,33,1.4652460579199336,64,10100001,-5,0
SE14,D04,R01,0,5.347435110018576,40,70.65454367022012,63,588.0571332330458,84,432.3338074798904,23,1.2314895282506049,54,10100011,-3,0
SE14,D04,R01,0,6.051072509532918,45,77.78793455581985,70,585.2222177528332,84,453.4984083973235,24,2.064487469756516,91,10100001,-5,0
SE14,D04,R01,0,6.051072509532918,45,77.78793455581985,70,585.2222177528332,84,453.4984083973235,24,2.064487469756516,91,10100001,-5,0
SE14,D04,R01,0,5.992163308702798,44,78.19707646048143,70,738.4153299841732,106,481.1531304313075,25,1.916712929359292,84,10100011,-3,0
SE14,D04,R01,0,6.000044504636377,44,77.99888591184053,70,479.57035911406336,69,528.4214713924459,28,1.7052637866977365,75,10100001,-5,0
SE14,D04,R01,0,6.000044504636377,44,77.99888591184053,70,479.57035911406336,69,528.4214713924459,28,1.7052637866977365,75,10100001,-5,0
SE14,D04,R01,0,5.93634471696454,44,77.78048730321993,70,726.7959793841435,104,473.1094811917119,25,1.8372412357886696,81,10100011,-3,0
SE14,D04,R01,0,6.480186194111367,48,82.84500240565022,74,673.7214957747108,96,540.1508649558139,28,1.8531860924183905,82,10100001,-5,0
SE14,D04,R01,0,6.521230212271709,48,76.43044561722913,68,734.219415396068,105,542.2491601154135,28,2.4001606808097886,106,10100001,-5,0
SE14,D04,R01,0,7.081711287932105,52,79.46432679345065,71,550.4655000589083,79,612.2801089784255,32,1.60571858170061,71,10100001,-5,0
SE14,D04,R01,0,7.081711287932105,52,79.46432679345065,71,550.4655000589083,79,612.2801089784255,32,1.60571858170061,71,10100001,-5,0
SE14,D04,R01,0,6.618824509731694,49,77.71580006333899,70,629.4043357446516,90,487.32933596856327,25,2.021737744119284,89,10100001,-5,0
SE14,D04,R01,0,6.41419690975186,47,75.7627153381978,68,636.174188497488,91,551.5630078596499,29,2.1736205574714065,96,10100001,-5,0
SE14,D04,R01,0,6.200066646094672,46,76.81175745611964,69,693.3629908937543,99,421.2353648160688,22,1.3185243581861328,58,10100011,-3,0
SE14,D05,R01,0,2.0581823296183277,15,5.361478533616544,5,83.23215014171542,12,27.51878474956575,1,0.0547367298500232,2,10100001,-5,0
SE14,D05,R02,0,2.088251437778222,15,5.939757888758972,5,100.6213375870375,14,30.008728114539185,2,0.0812929527528715,4,10100001,-5,0
SE14,D05,R03,0,1.9578926185721663,14,7.410890989405535,7,153.98850590754876,22,24.884572317725763,1,0.0090839387806987,0,10100001,-5,0
SE14,D05,R04,0,2.0501003333869114,15,7.301703728623485,7,111.13281853379164,16,24.642417429188026,1,0.0007027051464726,0,10100001,-5,0
SE14,D05,R05,0,2.021540043013695,15,10.117099160260691,9,55.91150132491353,8,28.028006481162528,1,0.041160439395908,2,10100001,-5,0
SE14,D07,R01,0,1.3790224366772916,10,39.4399814542117,35,69.58492329107739,10,19.029309315906715,1,0.0003127906385127,0,10100001,-5,0
SE14,D07,R02,0,1.636383095057225,12,22.29257115421755,20,82.60970295941439,12,20.01854049573044,1,0.0002304915414839,0,10100001,-5,0
SE14,D07,R03,0,1.3430685045121489,10,22.8963880983018,21,67.67268648544028,10,10.732794780826715,1,0.0002453710927952,0,10100001,-5,0
SE14,D07,R05,0,1.6302967311629577,12,28.111009723680077,25,96.36944787104098,14,22.282748483588488,1,0.000265982436005,0,10100001,-5,0
SE14,D07,R06,0,1.3639806139510835,10,23.969315870091705,21,73.0973910517161,10,9.865822002084013,1,0.0005773498494558,0,10100001,-5,0
SE14,D08,R01,0,2.843529996640949,21,20.137325693609142,18,125.90435827277511,18,98.29077135672657,5,0.0015812825296289,0,10100001,-5,0
SE14,D08,R02,0,2.6538419691582287,20,22.979312148829404,21,118.29691897759145,17,79.57816504081761,4,9.763468865938612e-05,0,10100001,-5,0
SE14,D08,R03,0,2.194008871166617,16,17.845397183699525,16,124.26255671280464,18,43.35669072258796,2,0.0001866536292543,0,10100001,-5,0
SE14,D08,R04,0,2.9471096556228824,22,22.812944743014132,20,121.53186299254534,17,104.61327306992116,5,0.0021721006272366,0,10100001,-5,0
SE14,D08,R05,0,2.1125699184065483,16,17.951835560295372,16,143.87969769233317,21,48.1963346077312,3,9.354365280982758e-05,0,10100001,-5,0
SE14,D09,R01,0,3.0018050803199023,22,18.568233660672703,17,229.289066435186,33,98.59835749460233,5,0.0001410881847175,0,10110101,-1,0
SE14,D09,R02,0,3.318459961137376,25,8.060881675157498,7,284.53750630706213,41,122.3136674245095,6,0.000266816322619,0,10110101,-1,0
SE14,D09,R03,0,1.6770873770655184,12,17.290572658881572,15,84.23351328300585,12,27.93184336594412,1,6.939764989927337e-05,0,10100001,-5,0
SE14,D09,R04,0,1.678519761238213,12,12.745214831626877,11,111.07851790507443,16,26.90355173498613,1,0.0001397615606021,0,10100001,-5,0
SE14,D09,R05,0,1.5097542548892684,11,13.487761080087328,12,71.8814328673524,10,24.374404782841232,1,0.0003356632876476,0,10100001,-5,0
SE14,D10,R01,0,2.604651647548694,19,21.230070616004117,19,109.27444331433804,16,88.01400981868142,5,0.0001124726138992,0,10100001,-5,0
SE14,D10,R02,0,3.627779191234158,27,22.37273706882557,20,123.09087239175476,18,162.1794725321151,8,0.0002913307111579,0,10100101,-3,0
SE14,D10,R03,0,2.9698420072205125,22,21.643612425101477,19,169.1397942220887,24,111.01411166530228,6,0.0002919204371772,0,10100101,-3,0
SE14,D10,R04,0,2.133399072270001,16,8.079449618462311,7,245.86695862726967,35,39.110165603326585,2,0.0001839627900144,0,10110001,-3,0
SE14,D10,R05,0,2.7409630457138143,20,24.454199461710232,22,127.1782566151518,18,90.11976209023894,5,0.0001526410151861,0,10100001,-5,0
SE14,D11,R01,0,4.050743581068828,30,12.610372220732645,11,352.85069965015066,51,160.97695777017583,8,0.000387118522808,0,10110111,1,1
SE14,D11,R02,0,1.751838807934216,13,13.69423550774249,12,137.2239859209069,20,39.33626962294245,2,0.0003749717876369,0,10100001,-5,0
SE14,D11,R03,0,2.1880196090461146,16,19.31643658146213,17,130.2745189936412,19,44.86676823673139,2,0.0001148906067218,0,10100001,-5,0
SE14,D11,R04,0,2.0151442316653325,15,14.132840770685553,13,142.86809984617682,20,36.63071022827798,2,0.0006492515156997,0,10100001,-5,0
SE14,D11,R05,0,2.8997664785087114,21,25.034064859568588,22,211.9956145282813,30,78.8742697616494,4,0.0002615485095621,0,10100101,-3,0
SE14,D12,R01,0,1.2634831896419567,9,9.14829736930268,8,144.66483154850576,21,10.898153942178634,1,0.0005570975973243,0,10100001,-5,0
SE14,D12,R02,0,1.3180569676314735,10,13.76736174223193,12,94.82194090443858,14,18.69227500809969,1,0.0003785823287405,0,10100001,-5,0
SE14,D12,R03,0,1.2456589660760384,9,90.03323343607562,81,62.15638834543304,9,21.749478688753744,1,0.0008794059164318,0,10000001,-3,0
SE14,D12,R04,0,1.259437033211665,9,73.66192274903584,66,52.4057462414418,8,62.7490566715047,3,0.0058282676090171,0,10000001,-3,0
SE14,D12,R05,0,1.3305297622534369,10,4.84038019580437,4,78.41281327608134,11,15.168501890255204,1,0.0008296437249159,0,10100001,-5,0
SE14,D14,R01,0,1.1189616594470515,8,94.76593776232474,85,57.65306034931233,8,8.345734496634138,0,7.380034064090591e-05,0,10000001,-3,0
SE14,D14,R02,0,1.1639051907130369,9,97.96604202274423,88,64.28928937696958,9,6.913728031738176,0,6.439378137532935e-05,0,10000001,-3,0
SE14,D14,R04,0,1.0916553603501655,8,98.87502411728198,89,55.28505021355112,8,6.08234700846757,0,0.0019411205879047,0,10000001,-3,0
SE14,D14,R05,0,1.162908404403051,9,81.0637370126073,73,92.0253102793459,13,8.45783083839111,0,0.0009835874544501,0,10000001,-3,0
SE14,D15,R01,0,1.1043639576591415,8,72.05174709409458,65,67.60857948767946,10,6.264800669265913,0,0.0042736627263511,0,10000001,-3,0
SE14,D15,R02,0,1.1277297069742322,8,59.49009172677248,53,79.90826059168317,11,23.14187220017217,1,0.0104439706905327,0,10100001,-5,0
SE14,D15,R03,0,1.1199430614712071,8,68.74166387231521,62,46.872178628572506,7,7.579541915508248,0,0.0032699417411809,0,10100001,-5,0
SE14,D15,R04,0,1.19236001782573,9,70.33592767389482,63,88.97831016148541,13,21.8845091651366,1,0.0022318898631727,0,10000001,-3,0
SE14,D15,R05,0,1.174092953175051,9,62.46875547294592,56,54.49974663920525,8,18.635429059426656,1,0.0019778453488548,0,10100001,-5,0
SE14,D16,R01,0,1.140711950881033,8,86.9872352365373,78,72.49499340692995,10,6.73319956182592,0,0.002732398354192,0,10000001,-3,0
SE14,D16,R02,0,1.1399693106820354,8,79.48727139502753,71,18.85986328125,3,6.574911938902561,0,0.0012299581490237,0,10000001,-3,0
SE14,D16,R03,0,1.1254746177654895,8,83.34803685559142,75,25.2214074844062,4,10.449415951918928,1,0.0010550609091485,0,10000001,-3,0
SE14,D16,R04,0,1.16787729575058,9,85.74917428251301,77,63.65314278301534,9,11.257105857240246,1,0.0020137891112383,0,10000001,-3,0
SE14,D16,R05,0,1.11528055125507,8,65.68000163308753,59,93.83059057701362,13,7.772635923493443,0,0.0009729280077128,0,10100001,-5,0
SE14,D17,R01,0,1.5627245932335214,12,5.60971002775107,5,110.68570346548243,16,22.79498361944841,1,0.0211604152138469,1,10100001,-5,0
SE14,D17,R02,0,1.4619763602499487,11,4.985339598212231,4,129.45291893251417,19,17.807908974124366,1,0.0108357863547987,0,10100001,-5,0
SE14,D17,R03,0,1.5773803162552065,12,10.757151847868018,10,137.14279082779544,20,20.314113683294323,1,0.0080559243989507,0,10100001,-5,0
SE14,D17,R04,0,1.2750062231772146,9,19.611419845230923,18,80.33993419427529,12,12.620623883452264,1,0.0091291024816129,0,10100001,-5,0
SE14,D17,R05,0,1.3230832613279673,10,3.394216147911693,3,81.54922735443455,12,14.50609439204582,1,0.0150786292491373,1,10100001,-5,0
SE15,D01,R01,0,1.481705041194624,11,4.725165872785364,4,46.245520671235845,7,16.555575526062285,1,0.0339412176221519,1,10100001,-5,0
SE15,D01,R01,0,1.416676839156186,10,14.87946136186051,13,41.81870398518179,6,16.518947240389494,1,0.0297231026576751,1,10100001,-5,0
SE15,D01,R01,0,1.4558159308147656,11,12.719642609207492,11,38.91080967484978,6,14.022303937676384,1,0.0275723138895923,1,10100001,-5,0
SE15,D01,R01,0,1.478287269766308,11,4.9496394041438,4,42.099438699913,6,14.228054841166315,1,0.030933330843958,1,10100001,-5,0
SE15,D01,R01,0,1.478287269766308,11,4.9496394041438,4,42.099438699913,6,14.228054841166315,1,0.030933330843958,1,10100001,-5,0
SE15,D01,R01,0,1.4665198743938617,11,7.325244017084377,7,35.353952400818564,5,16.731639678271293,1,0.0304495694452399,1,10100001,-5,0
SE15,D01,R01,0,1.4917170397104471,11,8.13952936508768,7,34.96600705690754,5,14.01300229134348,1,0.0340011094811554,1,10100001,-5,0
SE15,D01,R01,0,1.4917170397104471,11,8.13952936508768,7,34.96600705690754,5,14.01300229134348,1,0.0340011094811554,1,10100001,-5,0
SE15,D01,R01,0,1.5063646708165903,11,7.809027643680274,7,50.00418556099015,7,12.94588946196984,1,0.0299510507939392,1,10100001,-5,0
SE15,D01,R01,0,1.5063646708165903,11,7.809027643680274,7,50.00418556099015,7,12.94588946196984,1,0.0299510507939392,1,10100001,-5,0
SE15,D01,R01,0,1.4948438398270067,11,7.316819753857325,7,36.41431285327686,5,22.38832222168572,1,0.0264460206802893,1,10100001,-5,0
SE15,D01,R01,0,1.4481233225200685,11,14.294441865710274,13,40.75087523251817,6,12.282804072043474,1,0.0297769423659586,1,10100001,-5,0
SE15,D01,R01,0,1.4481233225200685,11,14.294441865710274,13,40.75087523251817,6,12.282804072043474,1,0.0297769423659586,1,10100001,-5,0
SE15,D01,R01,0,1.4249730157806937,11,7.90375241349334,7,35.73028491339804,5,14.767205792283766,1,0.029001898623335,1,10100001,-5,0
SE15,D01,R01,0,1.4078278908009982,10,3.552965679194205,3,44.73294041898564,6,14.506010457575911,1,0.0302242713046087,1,10100001,-5,0
SE15,D01,R01,0,1.4664366339420152,11,7.257462435588686,7,36.36414987434509,5,12.957494344174105,1,0.0226307233120997,1,10100001,-5,0
SE15,D01,R01,0,1.4696795180386055,11,3.6999477050303096,3,30.203954883586707,4,15.491695866631616,1,0.0297240543010718,1,10100001,-5,0
SE15,D01,R01,0,1.4696795180386055,11,3.6999477050303096,3,30.203954883586707,4,15.491695866631616,1,0.0297240543010718,1,10100001,-5,0
SE15,D01,R01,0,1.4876659653343094,11,9.650404475020634,9,42.53208926435797,6,13.540069150142209,1,0.0198980532488497,1,10100001,-5,0
SE15,D01,R01,0,1.4876659653343094,11,9.650404475020634,9,42.53208926435797,6,13.540069150142209,1,0.0198980532488497,1,10100001,-5,0
SE15,D01,R01,0,1.371316310284233,10,4.284651521028169,4,38.55900524817563,6,9.478532171754006,0,0.0178553922836943,1,10100001,-5,0
SE15,D01,R01,0,1.3969363888216466,10,7.836856106188225,7,37.9829971835628,5,14.971694575818397,1,0.0192120263375103,1,10100001,-5,0
SE15,D01,R01,0,1.411994560079929,10,12.598384417685526,11,36.51575833950419,5,12.331225236636811,1,0.0219814632638045,1,10100001,-5,0
SE15,D01,R01,0,1.411994560079929,10,12.598384417685526,11,36.51575833950419,5,12.331225236636811,1,0.0219814632638045,1,10100001,-5,0
SE15,D01,R01,0,1.4116324942520009,10,10.36099019814412,9,36.1519324775438,5,14.613397656659457,1,0.0218065234514667,1,10100001,-5,0
SE15,D01,R01,0,1.4116324942520009,10,10.36099019814412,9,36.1519324775438,5,14.613397656659457,1,0.0218065234514667,1,10100001,-5,0
SE15,D01,R01,0,1.3842297204385234,10,8.008670682432722,7,32.91385527970434,5,9.318493239344685,0,0.0188538998706018,1,10100001,-5,0
SE15,D01,R01,0,1.3796142835187897,10,7.984555398015585,7,33.33754537713045,5,12.51775248291418,1,0.0235530508297345,1,10100001,-5,0
SE15,D01,R01,0,1.3796142835187897,10,7.984555398015585,7,33.33754537713045,5,12.51775248291418,1,0.0235530508297345,1,10100001,-5,0
SE15,D01,R01,0,1.4533927424709356,11,10.954614614210715,10,33.904136556688805,5,12.899800860999733,1,0.0266765028289109,1,10100001,-5,0
SE15,D01,R01,0,1.4627276382001837,11,6.27042347026098,6,33.92478717408296,5,19.792249144761964,1,0.0230284912611287,1,10100001,-5,0
SE15,D01,R01,0,1.4627276382001837,11,6.27042347026098,6,33.92478717408296,5,19.792249144761964,1,0.0230284912611287,1,10100001,-5,0
SE15,D01,R01,0,1.4452649907732102,11,6.249183376517206,6,38.178697745348586,5,13.931437712615311,1,0.0221624506861163,1,10100001,-5,0
SE15,D01,R01,0,1.430551736738093,11,6.616015988991479,6,42.64837821177876,6,13.073144469561717,1,0.0215143383994343,1,10100001,-5,0
SE15,D01,R01,0,1.430551736738093,11,6.616015988991479,6,42.64837821177876,6,13.073144469561717,1,0.0215143383994343,1,10100001,-5,0
SE15,D01,R01,0,1.452746926622975,11,7.544677998321803,7,34.0495219573803,5,13.409856095350705,1,0.0233073433234877,1,10100001,-5,0
SE15,D01,R01,0,1.452746926622975,11,7.544677998321803,7,34.0495219573803,5,13.409856095350705,1,0.0233073433234877,1,10100001,-5,0
SE15,D01,R01,0,1.3865922037329956,10,4.933745234191429,4,48.27228796288311,7,10.990901889104254,1,0.0229245111660674,1,10100001,-5,0
SE15,D01,R01,0,1.4341098781397903,11,8.38195139215229,8,37.10781897243993,5,11.187239155161022,1,0.023292405632382,1,10100001,-5,0
SE15,D01,R01,0,1.4341098781397903,11,8.38195139215229,8,37.10781897243993,5,11.187239155161022,1,0.023292405632382,1,10100001,-5,0
SE15,D01,R01,0,1.4283153849438113,11,6.515533972751101,6,41.91644624471378,6,12.966917967865754,1,0.0165205476319998,1,10100001,-5,0
SE15,D01,R01,0,1.4283153849438113,11,6.515533972751101,6,41.91644624471378,6,12.966917967865754,1,0.0165205476319998,1,10100001,-5,0
SE15,D01,R01,0,1.4620963819386616,11,9.20389744984898,8,35.021311028055614,5,13.622236342063363,1,0.0249736636922346,1,10100001,-5,0
SE15,D01,R01,0,1.4707485156508104,11,7.152502646355126,6,36.34134892792253,5,13.725373317469812,1,0.0260754714073988,1,10100001,-5,0
SE15,D01,R01,0,1.4907142596440977,11,7.275480117450286,7,33.74819185570329,5,16.204993630326882,1,0.0164737444615528,1,10100001,-5,0
SE15,D01,R01,0,1.4907142596440977,11,7.275480117450286,7,33.74819185570329,5,16.204993630326882,1,0.0164737444615528,1,10100001,-5,0
SE15,D01,R01,0,1.495058184355838,11,7.855109311559429,7,32.80882360661948,5,17.364095897182395,1,0.0249354124098918,1,10100001,-5,0
SE15,D01,R01,0,1.495058184355838,11,7.855109311559429,7,32.80882360661948,5,17.364095897182395,1,0.0249354124098918,1,10100001,-5,0
SE15,D01,R01,0,1.4385610893571743,11,8.038567503290631,7,41.28567034772778,6,14.09085728832995,1,0.0241522481270464,1,10100001,-5,0
SE15,D02,R01,0,1.59187715480076,12,22.74289422255956,20,63.37568630509013,9,25.936654761278977,1,0.109099692474402,5,10100001,-5,0
SE15,D02,R01,0,1.5979952650704257,12,25.49213583893704,23,65.95167075557708,9,25.6812253720903,1,0.1102593675790762,5,10100001,-5,0
SE15,D02,R01,0,1.60040926467361,12,14.86596574885605,13,68.23604903319784,10,17.59483920299192,1,0.1047803442408741,5,10100001,-5,0
SE15,D02,R01,0,1.60040926467361,12,14.86596574885605,13,68.23604903319784,10,17.59483920299192,1,0.1047803442408741,5,10100001,-5,0
SE15,D02,R01,0,1.5990023363584205,12,26.457434437652708,24,65.2637084522456,9,24.605401885349785,1,0.0773515693764853,3,10100001,-5,0
SE15,D02,R01,0,1.5990023363584205,12,26.457434437652708,24,65.2637084522456,9,24.605401885349785,1,0.0773515693764853,3,10100001,-5,0
SE15,D02,R01,0,1.540776726174781,11,20.601108692200505,18,73.23145469864166,10,22.59943131020248,1,0.0975222418518372,4,10100001,-5,0
SE15,D02,R01,0,1.540776726174781,11,20.601108692200505,18,73.23145469864166,10,22.59943131020248,1,0.0975222418518372,4,10100001,-5,0
SE15,D02,R01,0,1.5721964755756517,12,10.658573858653616,10,61.1898369562022,9,24.99842962061853,1,0.1105471712514418,5,10100001,-5,0
SE15,D02,R01,0,1.6874186178292792,12,7.308562946514015,7,67.759140221558,10,22.42805609071454,1,0.1115161758915076,5,10100001,-5,0
SE15,D02,R01,0,1.6874186178292792,12,7.308562946514015,7,67.759140221558,10,22.42805609071454,1,0.1115161758915076,5,10100001,-5,0
SE15,D02,R01,0,1.5823495050255767,12,6.772910904147818,6,66.47927812702235,10,22.53499851806522,1,0.1064668859616275,5,10100001,-5,0
SE15,D02,R01,0,1.5855718482419836,12,10.366659994125618,9,57.33693386386351,8,25.60022140419025,1,0.1171116888128558,5,10100001,-5,0
SE15,D02,R01,0,1.6204394387354857,12,13.695445265905963,12,75.44858809288284,11,17.327380357996212,1,0.1066731008503694,5,10100001,-5,0
SE15,D02,R01,0,1.645579386889216,12,11.49910158841468,10,63.42668774734591,9,27.22261363825398,1,0.1157419086272679,5,10100001,-5,0
SE15,D02,R01,0,1.645579386889216,12,11.49910158841468,10,63.42668774734591,9,27.22261363825398,1,0.1157419086272679,5,10100001,-5,0
SE15,D02,R01,0,1.638661399325872,12,15.760300888448944,14,53.73194890425783,8,25.301840842118395,1,0.1143304604423002,5,10100001,-5,0
SE15,D02,R01,0,1.6480949732996657,12,9.28911926055815,8,69.67432432110544,10,25.60570094064212,1,0.1285685753411675,6,10100001,-5,0
SE15,D02,R01,0,1.6480949732996657,12,9.28911926055815,8,69.67432432110544,10,25.60570094064212,1,0.1285685753411675,6,10100001,-5,0
SE15,D02,R01,0,1.5751489962386296,12,5.702670525395351,5,60.59807489196801,9,20.894903449193823,1,0.1068690430912273,5,10100001,-5,0
SE15,D02,R01,0,1.7544325143092925,13,5.943761111274982,5,66.33423659134586,10,23.28616614367917,1,0.1305312411081322,6,10100001,-5,0
SE15,D02,R01,0,1.7544325143092925,13,5.943761111274982,5,66.33423659134586,10,23.28616614367917,1,0.1305312411081322,6,10100001,-5,0
SE15,D02,R01,0,1.6654373721713465,12,7.991560589264085,7,67.21215128553646,10,21.297023992575514,1,0.1240541354148574,5,10100001,-5,0
SE15,D02,R01,0,1.6399040454612923,12,19.04881823806901,17,61.52044016484975,9,25.87669166523492,1,0.1157483164620182,5,10100001,-5,0
SE15,D02,R01,0,1.613163017761999,12,6.966887426419901,6,64.62781525351306,9,20.95325141126749,1,0.106713669843556,5,10100001,-5,0
SE15,D02,R01,0,1.592068851381454,12,9.642873483489712,9,66.98663315949784,10,21.67672223929165,1,0.1047873443480844,5,10100001,-5,0
SE15,D02,R01,0,1.5928737250961116,12,9.613418256833768,9,67.62653997962983,10,21.981087527652576,1,0.1231907663175441,5,10100001,-5,0
SE15,D02,R01,0,1.655466722214426,12,18.206977714972652,16,73.44145054032421,11,26.30716278856071,1,0.1190806459364463,5,10100001,-5,0
SE15,D02,R01,0,1.655466722214426,12,18.206977714972652,16,73.44145054032421,11,26.30716278856071,1,0.1190806459364463,5,10100001,-5,0
SE15,D02,R01,0,1.585499670167598,12,19.797924009640948,18,55.16274897512492,8,23.36620450408073,1,0.1230224502121965,5,10100001,-5,0
SE15,D02,R01,0,1.5958836055370311,12,11.487083803973157,10,62.9316563360432,9,22.182568245445864,1,0.1081849279054483,5,10100001,-5,0
SE15,D02,R01,0,1.7437939272580885,13,16.578229610411537,15,76.3447584693811,11,24.776572658132736,1,0.0714927596549273,3,10100001,-5,0
SE15,D02,R01,0,1.7437939272580885,13,16.578229610411537,15,76.3447584693811,11,24.776572658132736,1,0.0714927596549273,3,10100001,-5,0
SE15,D02,R01,0,1.6188567019611015,12,10.916423411506765,10,58.21067837852153,8,19.116674626794783,1,0.1026497102372701,5,10100001,-5,0
SE15,D02,R01,0,1.6495710335498022,12,5.45974954591321,5,64.91280406283472,9,24.291323876627978,1,0.127118471235845,6,10100001,-5,0
SE15,D02,R01,0,1.6495710335498022,12,5.45974954591321,5,64.91280406283472,9,24.291323876627978,1,0.127118471235845,6,10100001,-5,0
SE15,D02,R01,0,1.6982576304825447,13,5.095942349695092,5,71.05868491346816,10,22.93646178163624,1,0.1006384115372564,4,10100001,-5,0
SE15,D02,R01,0,1.6982576304825447,13,5.095942349695092,5,71.05868491346816,10,22.93646178163624,1,0.1006384115372564,4,10100001,-5,0
SE15,D02,R01,0,1.6666188551084873,12,20.12424192122822,18,57.11579783756248,8,26.155875317798973,1,0.1169423664830522,5,10100001,-5,0
SE15,D02,R01,0,1.7025246218162675,13,16.0820947056851,14,72.78897253253876,10,28.07317174017045,1,0.1011315096931048,4,10100001,-5,0
SE15,D02,R01,0,1.7025246218162675,13,16.0820947056851,14,72.78897253253876,10,28.07317174017045,1,0.1011315096931048,4,10100001,-5,0
SE15,D02,R01,0,1.674979776288825,12,17.270779164454165,15,69.48902798396759,10,23.90016379095097,1,0.1100618446760437,5,10100001,-5,0
SE15,D02,R01,0,1.6061766611418793,12,10.03423830476332,9,52.6203052075697,8,21.85467866922948,1,0.1102380245909666,5,10100001,-5,0
SE15,D02,R01,0,1.5945635944171763,12,14.530804138236949,13,58.79111428973459,8,20.48178777161165,1,0.0827781193827299,4,10100001,-5,0
SE15,D02,R01,0,1.6377485945603418,12,15.367539982313795,14,55.55453316092158,8,20.71139102386765,1,0.0947153883345574,4,10100001,-5,0
SE15,D02,R01,0,1.6377485945603418,12,15.367539982313795,14,55.55453316092158,8,20.71139102386765,1,0.0947153883345574,4,10100001,-5,0
SE15,D02,R01,0,1.635343059981032,12,10.420814388929216,9,61.394966049678914,9,19.98114782752758,1,0.0925433928694311,4,10100001,-5,0
SE15,D02,R01,0,1.635343059981032,12,10.420814388929216,9,61.394966049678914,9,19.98114782752758,1,0.0925433928694311,4,10100001,-5,0
SE15,D02,R01,0,1.6119423545204323,12,17.250062399720736,15,67.08685522627877,10,24.643895550077755,1,0.1122995517292317,5,10100001,-5,0
SE15,D03,R01,0,2.5162739360976527,19,12.852025055471795,12,152.26965104755485,22,73.30503147765751,4,0.3567386289788314,16,10100001,-5,0
SE15,D03,R01,0,2.370331039808838,18,8.808544860158827,8,154.1973348240345,22,44.00002529075376,2,0.2397548068976064,11,10100001,-5,0
SE15,D03,R01,0,2.323338856555972,17,8.469165899795234,8,178.39090427023652,26,42.48262284354549,2,0.1889178394250644,8,10100001,-5,0
SE15,D03,R01,0,2.323338856555972,17,8.469165899795234,8,178.39090427023652,26,42.48262284354549,2,0.1889178394250644,8,10100001,-5,0
SE15,D03,R01,0,2.411403141804515,18,5.619228155847022,5,162.89148902206517,23,44.99186642198208,2,0.1614868963862429,7,10100001,-5,0
SE15,D03,R01,0,2.411403141804515,18,5.619228155847022,5,162.89148902206517,23,44.99186642198208,2,0.1614868963862429,7,10100001,-5,0
SE15,D03,R01,0,1.99846208570686,15,7.288415906516644,7,101.44217405873648,15,41.7666971388579,2,0.0860633539977438,4,10100001,-5,0
SE15,D03,R01,0,2.116956860131129,16,3.901223711968694,3,134.88373211177907,19,49.10421059686887,3,0.3615913209437532,16,10100001,-5,0
SE15,D03,R01,0,2.382978990085204,18,10.115498083977313,9,143.60379008578545,21,49.10421059686887,3,0.3540067564735146,16,10100001,-5,0
SE15,D03,R01,0,2.405828265598916,18,14.3999597670267,13,176.3074522360751,25,36.2461545351386,2,0.3436678312339735,15,10100001,-5,0
SE15,D03,R01,0,2.516792358223869,19,8.712120714237528,8,187.9003343829397,27,55.27291063416606,3,0.3044611275887012,13,10100001,-5,0
SE15,D03,R01,0,2.516792358223869,19,8.712120714237528,8,187.9003343829397,27,55.27291063416606,3,0.3044611275887012,13,10100001,-5,0
SE15,D03,R01,0,2.447448772326821,18,13.270495555531252,12,170.67425874412498,24,43.856409812333766,2,0.307420410393411,14,10100001,-5,0
SE15,D03,R01,0,2.70052711145204,20,11.552621985887551,10,192.49915463398187,28,64.1322452969101,3,0.336440174197141,15,10100001,-5,0
SE15,D03,R01,0,2.70052711145204,20,11.552621985887551,10,192.49915463398187,28,64.1322452969101,3,0.336440174197141,15,10100001,-5,0
SE15,D03,R01,0,2.441893701337716,18,13.86755875343695,12,193.43018439391747,28,52.26268736291342,3,0.3261512933040746,14,10100001,-5,0
SE15,D03,R01,0,2.441893701337716,18,13.86755875343695,12,193.43018439391747,28,52.26268736291342,3,0.3261512933040746,14,10100001,-5,0
SE15,D03,R01,0,2.473902480180921,18,9.076563011909634,8,146.41182692418738,21,70.05183593192956,4,0.3657139297856326,16,10100001,-5,0
SE15,D03,R01,0,2.522826696587704,19,5.974597165998684,5,157.78708206039207,23,44.280885914833526,2,0.391933850541138,17,10100001,-5,0
SE15,D03,R01,0,2.547635766361996,19,11.85880959850262,11,170.58637192244757,24,47.04973125602208,2,0.3697921202454396,16,10100001,-5,0
SE15,D03,R01,0,2.547635766361996,19,11.85880959850262,11,170.58637192244757,24,47.04973125602208,2,0.3697921202454396,16,10100001,-5,0
SE15,D03,R01,0,2.6919476278802303,20,10.683229676012344,10,218.1649217443527,31,57.85395089087508,3,0.38074203018017,17,10100001,-5,0
SE15,D03,R01,0,2.6919476278802303,20,10.683229676012344,10,218.1649217443527,31,57.85395089087508,3,0.38074203018017,17,10100001,-5,0
SE15,D03,R01,0,2.3870895272554846,18,14.704702273856642,13,155.80145110882597,22,45.381799787572085,2,0.3411282074999596,15,10100001,-5,0
SE15,D03,R01,0,2.30111282627728,17,10.86042860995651,10,156.82984289201576,22,35.45734465120951,2,0.3437125689186497,15,10100001,-5,0
SE15,D03,R01,0,2.243497140391606,17,12.284898077061712,11,137.1370320261814,20,44.07340955798658,2,0.3232236586382598,14,10100001,-5,0
SE15,D03,R01,0,2.243497140391606,17,12.284898077061712,11,137.1370320261814,20,44.07340955798658,2,0.3232236586382598,14,10100001,-5,0
SE15,D03,R01,0,2.314086369939347,17,12.859236578676992,12,147.27631436517302,21,40.54452062299241,2,0.2140743717913696,9,10100001,-5,0
SE15,D03,R01,0,2.314086369939347,17,12.859236578676992,12,147.27631436517302,21,40.54452062299241,2,0.2140743717913696,9,10100001,-5,0
SE15,D03,R01,0,2.2300924595024503,16,13.536868590446414,12,153.03310293377143,22,50.05394603369516,3,0.3847047016686741,17,10100001,-5,0
SE15,D03,R01,0,2.226339764078517,16,17.477110057196654,16,162.4572307900332,23,36.49115456077872,2,0.4341689514331598,19,10100001,-5,0
SE15,D03,R01,0,2.788137758110801,21,19.273931447750424,17,125.95612707654968,18,57.59932531741265,3,0.4501747110499196,20,10100001,-5,0
SE15,D03,R01,0,2.788137758110801,21,19.273931447750424,17,125.95612707654968,18,57.59932531741265,3,0.4501747110499196,20,10100001,-5,0
SE15,D03,R01,0,2.488318043291555,18,14.880611207868691,13,177.70147543111102,25,57.3518724069459,3,0.3891906514078579,17,10100001,-5,0
SE15,D03,R01,0,2.323404531751641,17,12.161264698966002,11,165.9431972710974,24,40.95746067711996,2,0.4128225542487482,18,10100001,-5,0
SE15,D03,R01,0,2.6667903235692925,20,17.03484219361006,15,233.9695522981922,34,82.38765389323967,4,0.4740134924031033,21,10100001,-5,0
SE15,D03,R01,0,2.6667903235692925,20,17.03484219361006,15,233.9695522981922,34,82.38765389323967,4,0.4740134924031033,21,10100001,-5,0
SE15,D03,R01,0,2.449701532361902,18,14.443564218426731,13,170.23365969461662,24,62.53196470243836,3,0.4114142267541662,18,10100001,-5,0
SE15,D03,R01,0,2.2722189872405703,17,10.784522775235589,10,179.23814106595196,26,46.49809643419356,2,0.3269013447821716,14,10100001,-5,0
SE15,D03,R01,0,2.3782005829398227,18,13.168178861793608,12,160.14366565668328,23,40.62482956398927,2,0.3695914258825205,16,10100001,-5,0
SE15,D03,R01,0,2.3782005829398227,18,13.168178861793608,12,160.14366565668328,23,40.62482956398927,2,0.3695914258825205,16,10100001,-5,0
SE15,D03,R01,0,2.4016068483624795,18,12.431554671853345,11,152.76202222351245,22,36.54978235611357,2,0.474102566132568,21,10100001,-5,0
SE15,D03,R01,0,2.4016068483624795,18,12.431554671853345,11,152.76202222351245,22,36.54978235611357,2,0.474102566132568,21,10100001,-5,0
SE15,D03,R01,0,2.360519434775559,17,11.59088854719078,10,160.94010128770728,23,58.3068627196154,3,0.400696745449944,18,10100001,-5,0
SE15,D03,R01,0,2.2612700601998537,17,15.270235436499208,14,142.71302569348404,20,46.462453996564925,2,0.2100906715530658,9,10100001,-5,0
SE15,D03,R01,0,2.513504176855553,19,10.7106316171436,10,190.61276365311076,27,45.36637682131555,2,0.3833126089841002,17,10100001,-5,0
SE15,D03,R01,0,2.649658641781758,20,8.975847068626468,8,190.61276365311076,27,73.947564427676,4,0.3363686809687674,15,10100001,-5,0
SE15,D03,R01,0,2.649658641781758,20,8.975847068626468,8,190.61276365311076,27,73.947564427676,4,0.3363686809687674,15,10100001,-5,0
SE15,D03,R01,0,2.3606002354654816,17,12.84900163088254,12,131.5062320786268,19,66.54213717336084,3,0.4974256511631513,22,10100001,-5,0
SE15,D05,R01,0,1.925230492998663,14,10.965838354486031,10,113.08654956289628,16,32.7364454808023,2,0.0016331114277345,0,10100001,-5,0
SE15,D05,R02,0,1.8431954277193792,14,9.892563630820042,9,87.91673060651385,13,34.18528639950584,2,0.0293753637932104,1,10100001,-5,0
SE15,D05,R03,0,1.8666685013534976,14,4.704333913998076,4,102.41919277586868,15,31.397152307977017,2,0.0354296209119871,2,10100001,-5,0
SE15,D05,R04,0,1.8091041059086743,13,10.575888121714703,9,79.88189286353187,11,29.099748360307707,2,0.0131344977156309,1,10100001,-5,0
SE15,D05,R05,0,1.6969543101286089,13,11.188389566865588,10,83.02031030254825,12,22.72134943551687,1,0.0031125550902709,0,10100001,-5,0
SE15,D07,R01,0,1.264086883649246,9,19.85385535690789,18,50.36731890718511,7,7.825030284713241,0,0.0010612535681534,0,10100001,-5,0
SE15,D07,R02,0,1.1293454487348524,8,29.619744112884717,27,36.217358625805815,5,7.276047483279879,0,0.0024998303469048,0,10100001,-5,0
SE15,D07,R03,0,1.3409650464718963,10,15.387531099215996,14,53.77651026585489,8,6.814093466174986,0,0.0016678823690597,0,10100001,-5,0
SE15,D07,R04,0,1.1000030517535793,8,16.84741531803004,15,55.74220893928955,8,10.06391789707557,1,0.000531102984734,0,10100001,-5,0
SE15,D07,R05,0,1.2061776411263496,9,16.450196199009643,15,59.34707838369819,8,8.048569351774848,0,0.0010736931362528,0,10100001,-5,0
SE15,D08,R01,0,1.4908268501961002,11,35.11118877954723,31,118.64155849841625,17,11.31855809894371,1,0.0008712108134878,0,10100001,-5,0
SE15,D08,R02,0,1.6741961471876026,12,23.09214683176965,21,127.78345151009069,18,31.997830473551936,2,0.0001889526013012,0,10100001,-5,0
SE15,D08,R03,0,1.5038453721444611,11,23.047348244175407,21,89.23525619138542,13,12.708442884592586,1,0.00061816952322,0,10100001,-5,0
SE15,D08,R04,0,1.5104817694302868,11,29.37882997606994,26,91.850691096624,13,8.832260485589138,0,0.0004674242871265,0,10100001,-5,0
SE15,D08,R05,0,2.073736849623012,15,14.262518658550086,13,151.5903059041895,22,51.950589971860325,3,0.0001987476660481,0,10100001,-5,0
SE15,D09,R01,0,1.4504395969546828,11,39.15438223944394,35,87.51713550900689,13,16.22191558081503,1,0.0003108713407144,0,10100001,-5,0
SE15,D09,R02,0,1.1620223838239143,9,40.6952801791829,36,58.6877069561024,8,7.12089748146707,0,0.0031426653128563,0,10100001,-5,0
SE15,D09,R03,0,1.284598093078994,9,43.17160061687647,39,100.47695589147968,14,8.686371618842692,0,0.0026028209019351,0,10100001,-5,0
SE15,D09,R04,0,1.2330701667515975,9,44.171189867291,40,84.00012023951236,12,6.997152300438225,0,0.0047051947962515,0,10100001,-5,0
SE15,D09,R05,0,1.2591825806785826,9,47.46270466916054,43,83.4451486532165,12,7.564598497001995,0,0.0020951991381626,0,10100001,-5,0
SE15,D10,R01,0,1.5546924073415012,11,51.998920984684105,47,160.97730588752887,23,14.732820663157131,1,0.0104345851108634,0,10100001,-5,0
SE15,D10,R02,0,1.8019332676257915,13,56.04100761813481,50,99.5724927649301,14,25.092807256872483,1,0.0006569142460481,0,10100001,-5,0
SE15,D10,R03,0,2.2522097438890434,17,52.907905050436455,47,153.60944661897463,22,43.60112151469284,2,0.0005801562255472,0,10100001,-5,0
SE15,D10,R04,0,1.5489549620984384,11,50.93134236366761,46,88.95021270133626,13,19.69665824448992,1,0.0088797548918756,0,10100001,-5,0
SE15,D10,R05,0,1.5420388812000858,11,49.65225630136849,44,106.32622032505678,15,17.185196910876634,1,0.0004559326834374,0,10100001,-5,0
SE15,D11,R01,0,4.920580496928976,36,88.21386913197202,79,168.15017173187192,24,310.6042554492919,16,0.0001077845263559,0,10000100,1,1
SE15,D11,R02,0,3.2269337142694865,24,92.84115469707572,83,209.925715131315,30,189.79133475954717,10,8.986023263028126e-05,0,10010110,5,1
SE15,D11,R03,0,3.0396398471514066,22,74.15743823688194,66,241.3639093198965,35,115.6000636078694,6,0.0002346061034715,0,10010110,5,1
SE15,D11,R04,0,3.596402723392936,27,80.47786240603014,72,157.4809462890046,23,192.4193827191159,10,9.256272814353212e-05,0,10000100,1,1
SE15,D11,R05,0,3.638518284634171,27,81.55685223064273,73,152.19099994449607,22,186.57231905989232,10,0.000158840625003,0,10000100,1,1
SE15,D12,R01,0,1.5548248997073593,11,94.61438812906486,85,82.4347291658619,12,25.293323390580102,1,0.0027721202372869,0,10000001,-3,0
SE15,D12,R02,0,1.1670865711047853,9,15.325129951064651,14,90.73694566225494,13,7.780989917248671,0,0.0014058577273905,0,10100001,-5,0
SE15,D12,R03,0,1.106296620221748,8,86.5376774818382,78,49.223481813677296,7,9.644630005395394,1,0.0002337781245047,0,10000001,-3,0
SE15,D12,R04,0,1.1555239485632156,9,87.46292518940962,78,50.58260726276685,7,18.2853411324611,1,0.0002251450365936,0,10000001,-3,0
SE15,D12,R05,0,1.149745481770449,9,89.75203812833973,80,60.299429243068886,9,11.1105646906561,1,0.0003381375291163,0,10000001,-3,0
SE15,D14,R01,0,1.6866814782820398,12,25.43689270733801,23,124.62609217805088,18,27.58515498792069,1,0.0066363387085845,0,10100001,-5,0
SE15,D14,R02,0,1.714020481481333,13,30.218761046681205,27,170.7780795662508,24,30.359262692260412,2,0.0138175097934731,1,10100001,-5,0
SE15,D14,R03,0,1.711517096462777,13,33.91278692252561,30,112.98792780472212,16,30.76547780827044,2,0.000320385744681,0,10100001,-5,0
SE15,D14,R04,0,1.6375249729727406,12,22.71100953844213,20,147.6680866926465,21,28.999977917180477,2,0.0004344139849982,0,10100001,-5,0
SE15,D14,R05,0,1.4320442494636385,11,16.31399598589969,15,129.64538154551937,19,18.850460971735707,1,0.0003613742797297,0,10100001,-5,0
SE15,D15,R01,0,1.4336150373078933,11,24.014186306707156,22,44.09683384645034,6,7.18721585509674,0,0.0056880393710461,0,10100001,-5,0
SE15,D15,R02,0,1.4129938123261103,10,24.005266953405137,22,42.950713099998,6,8.573130128096373,0,0.0023053845822567,0,10100001,-5,0
SE15,D15,R03,0,1.4622007406164774,11,20.593658127221456,18,63.3359378406736,9,9.00660625750378,0,0.0061165375013895,0,10100001,-5,0
SE15,D15,R04,0,1.3493309341027362,10,21.896395343320645,20,42.97616201109095,6,12.809980921411546,1,0.0059054548226957,0,10100001,-5,0
SE15,D15,R05,0,1.4875428778615298,11,24.563849999192517,22,43.25653286199155,6,10.243258653107556,1,0.0073644340742012,0,10100001,-5,0
SE15,D16,R01,0,1.1149042445920525,8,38.95389013695483,35,111.95528160089104,16,6.972481264241925,0,0.0001998323013919,0,10100001,-5,0
SE15,D16,R02,0,1.1014586054729032,8,74.16641229448993,66,99.99043374200517,14,7.688457788651215,0,0.0001129109477604,0,10000001,-3,0
SE15,D16,R03,0,1.092305128232978,8,67.9065066392396,61,77.0790657374246,11,13.155399119312472,1,0.0003037933384141,0,10100001,-5,0
SE15,D16,R04,0,1.1040875868399491,8,90.0758693200672,81,91.57698246598363,13,10.34535812164088,1,0.0002481833993542,0,10000001,-3,0
SE15,D16,R05,0,1.1094437698755286,8,95.78157483535374,86,84.53001158930041,12,10.579763968025093,1,0.0003607996681287,0,10000001,-3,0
SE15,D17,R01,0,1.3697242091675563,10,24.92219548146297,22,79.58717575750121,11,10.269199723559108,1,0.0016560322415026,0,10100001,-5,0
SE15,D17,R02,0,1.3804380213755976,10,11.354742122609528,10,83.81904919102804,12,79.41241865728634,4,0.0026122847434729,0,10100001,-5,0
SE15,D17,R03,0,1.2524024763991106,9,17.472573549122934,16,86.30958116307099,12,42.21911447585502,2,0.0005055515799448,0,10100001,-5,0
SE15,D17,R04,0,1.2201139203023728,9,22.88949826492099,21,61.92139182045429,9,7.28727516526253,0,0.0009753938920923,0,10100001,-5,0
SE15,D17,R05,0,1.2117247944723517,9,16.03757848544224,14,93.11898778542852,13,23.5835783254192,1,0.0035161466493041,0,10100001,-5,0
